Normalized Reading,Normalized Science,Average Performance,Country Name,Population,Math,Normalized Math,Reading,Science,Year,Country,School Ownership,School Size,proportion of all teachers fully certified,Student-Teacher ratio,Available computers per student,Shortage of educational staff,Shortage of educational material,Student behavior hindering learning,Teacher behavior hindering learning,Class Size,Creative extra-curricular activities,EDU Exp. Per Person Absolute,ROUND GDP,GDP/POPULATION,Continent,Public Percentage,Private Government-dependent Percentage,Private Independent Percentage
0.319047772,0.218152996,392,Albania,2992547,390,0.305517324,390,396,2006,ALB,1.187845304,527.7734807,0.980496933,15.86355556,0.267707182,-0.007789944,0.685310526,0.852403867,0.508296133,27.76190476,0.074116022,87,8052077248,2655,Europe,0.906077348,0,0.093922652
0.267618286,0.193367882,384.3244681,Albania,2927519,384.8166024,0.283536172,377.4610564,390.6957455,2009,ALB,1.187845304,527.7734807,0.980496933,15.86355556,0.267707182,-0.007789944,0.685310526,0.852403867,0.508296133,27.76190476,0.074116022,122,10818250917,3638,Europe,0.906077348,0,0.093922652
0.336804881,0.224569591,395.2222662,Albania,2900401,393.964252,0.322328465,394.3293332,397.3732136,2012,ALB,2.856410256,321.7936508,0.952567708,10.84009962,0.341898305,-0.179498515,0.685310526,1.027633005,0.643354187,27.76190476,1.818681319,142,12408843466,4269,Europe,0.928205128,0,0.071794872
0.414028158,0.364057524,415.213588,Albania,2880703,405.2587601,0.370224906,413.1570211,427.2249827,2015,ALB,2.840707965,252.8666667,0.798213333,8.3424925,0.156470909,-0.046594714,0.685310526,-0.74492193,-0.654655022,25.65350877,1.75,148.6666667,12774735403,4424,Europe,0.920353982,0,0.079646018
0.51273257,0.315000282,419.7925384,Albania,2866376,405.4293663,0.370948393,437.2219913,416.7262577,2018,ALB,2.790769231,421.7936508,0.768495833,12.225236,0.251861468,-0.62417037,0.398416718,-1.210346626,-1.006065031,22.95384615,2.220496894,154,12089259719,4196.333333,Europe,0.895384615,0,0.104615385
0.229722403,0.124548593,367.5414097,Albania,2777689,358.4347582,0.171659103,368.2217199,375.9677509,2022,ALB,2.772893773,423.1368821,0.792498819,12.12111603,0.207241949,-0.543904044,0.576041758,-0.991760148,-0.936332472,25.76752768,2.220496894,185.75,15912887367,5549.25,Europe,0.886446886,0,0.113553114
0.252289511,0.195929245,382.0738615,Argentina,39476851,381.2539111,0.268427924,373.7237715,391.2439019,2006,ARG,2.682080925,560.375,0.894633333,12.05985156,0.037357576,-0.193033728,0.330759039,0.360449231,-0.266734872,30.79503106,-0.713969681,210.6666667,1.90268E+11,5015.5,South America,0.739884393,0.202312139,0.057803468
0.352930436,0.24076188,395.7225095,Argentina,40684338,388.0681283,0.297324867,398.2608799,400.8385202,2009,ARG,1.392857143,556.4974874,0.85104065,15.24503947,0.226763636,-0.087594898,0.330759039,0.360449231,-0.266734872,37.41704036,-0.713969681,333.3333333,2.93882E+11,7360,South America,0.719387755,0.168367347,0.112244898
0.343571625,0.263160328,396.6809459,Argentina,41733271,388.4317097,0.298866701,395.9791228,405.6320052,2012,ARG,2.613636364,538.990991,0.876648276,10.16218023,0.523953271,-0.082669369,0.330759039,0.247162319,-0.325677295,37.41704036,1.197309417,548.6666667,4.28921E+11,10420,South America,0.686363636,0.240909091,0.072727273
0.463846358,0.387426864,422.1875651,Argentina,43131966,409.0333278,0.386231656,425.3031194,432.226248,2015,ARG,2.613636364,538.990991,0.876648276,10.16218023,0.523953271,-0.082669369,0.330759039,0.247162319,-0.325677295,37.41704036,1.197309417,687.6666667,5.41442E+11,12775.66667,South America,0.705747126,0.204597701,0.089655172
0.3662287,0.25586832,395.0094569,Argentina,44494502,379.4538169,0.260794293,401.503109,404.0714449,2018,ARG,2.616091954,540.9086538,0.884034933,10.32625051,0.425432973,-0.05510254,0.330759039,0.190991156,0.472452608,34.94444444,1.342465753,766.3333333,5.98637E+11,13708.66667,South America,0.705747126,0.204597701,0.089655172
0.363115331,0.265773927,394.8214709,Argentina,46234830,377.5290285,0.252631873,400.7440435,406.1913406,2022,ARG,2.584615385,580.4123007,0.798037379,8.508604276,0.340521687,0.165732594,0.357886444,0.273679823,0.228855211,29.81818182,1.342465753,501.75,4.61554E+11,10291.25,South America,0.679120879,0.226373626,0.094505495
0.823104499,0.829712171,519.8935431,Australia,20450966,519.9077486,0.856415056,512.8932916,526.879589,2006,AUS,1.510086455,863.7191011,0.97756,13.39727606,0.264430986,0.377981356,-0.365342025,-0.062135411,-0.253610198,24.71428571,0.590312181,1379,5.5593E+11,28186,Oceania,0.625360231,0.239193084,0.135446686
0.831337863,0.831538933,518.8372172,Australia,21691653,514.3404625,0.832805954,514.9006553,527.2705339,2009,AUS,1.510086455,923.6147309,0.984298851,13.47964943,0.976047059,0.265978754,-0.365342025,-0.062135411,-0.253610198,24.64473684,0.590312181,1981.666667,8.86512E+11,42438.66667,Oceania,0.625360231,0.239193084,0.135446686
0.818636672,0.804550497,512.4831704,Australia,22733465,504.1507663,0.789594671,511.8039976,521.4947472,2012,AUS,2.517520216,888.0529101,0.979491713,13.09410988,1.575465054,0.2777481,-0.365342025,-0.252176042,-0.166017713,24.64473684,2.132198953,2746.666667,1.15878E+12,52538.66667,Oceania,0.632075472,0.253369272,0.114555256
0.782118505,0.75081044,502.2635484,Australia,23815995,493.8962313,0.746108427,502.9005598,509.9938542,2015,AUS,2.455384615,962.7118156,0.956061575,13.30431318,1.575395031,-0.267049387,-0.365342025,-0.051918712,0.308329141,24.79824561,2.285067873,3371.666667,1.53118E+12,66304.33333,Oceania,0.587692308,0.28,0.132307692
0.781015855,0.717964771,498.9854375,Australia,24963258,491.3600252,0.735353178,502.6317243,502.9645628,2018,AUS,2.490223464,994.2363897,0.94222305,13.22099733,1.229838154,-0.321210826,-0.476194302,0.095895415,0.337539112,24.37554585,2.417518248,2809.333333,1.29541E+12,53539,Oceania,0.62849162,0.233240223,0.138268156
0.762227399,0.736825163,497.3786876,Australia,26005540,487.0842535,0.71722098,498.0509398,507.0008694,2022,AUS,2.43767313,1086.489164,0.938850575,12.82420256,1.135770766,-0.018705057,-0.685988436,0.045389088,0.154422838,24.33606557,2.417518248,3027.5,1.42846E+12,56052.25,Oceania,0.590027701,0.257617729,0.152354571
0.730001435,0.754750917,502.1715768,Austria,8268641,505.4835985,0.795246791,490.1939774,510.8371545,2006,AUT,2.889447236,470.7738693,0.909513812,11.02666154,0.236151042,-0.317668687,-0.228027757,-0.178655882,0.139480515,22.58549223,-0.120384586,1652.666667,2.48169E+11,30557.66667,Europe,0.899497487,0.090452261,0.010050251
0.648337551,0.677607301,486.8399868,Austria,8343323,495.9086553,0.754642481,470.2836321,494.3276732,2009,AUT,1.201465201,446.6951673,0.872310345,10.84009962,0.796277778,-0.1960875,-0.228027757,-0.178655882,0.139480515,23.30054645,-0.120384586,2424.666667,3.85839E+11,46505.33333,Europe,0.857142857,0.084249084,0.058608059
0.727603478,0.731126255,500.310442,Austria,8429991,505.540743,0.795489123,489.6093352,505.7812479,2012,AUT,2.804232804,591.4035088,0.865888889,10.36121348,1.861257143,-0.064612903,-0.228027757,-0.289653158,-0.09954709,23.30054645,1.171122995,2770,4.08573E+11,48836,Europe,0.862433862,0.079365079,0.058201058
0.708146654,0.680924035,492.2151192,Austria,8642699,496.7422739,0.758177595,484.8655971,495.0374864,2015,AUT,2.857723577,591.4035088,0.829121951,11.27390344,1.10478319,0.137177395,-0.228027757,0.169704962,-0.099805725,23.01886793,1.007751938,2765.666667,4.27393E+11,50362.66667,Europe,0.918699187,0.020325203,0.06097561
0.706206489,0.656359506,491.0384405,Austria,8840521,498.9423138,0.767507269,484.3925685,489.7804392,2018,AUT,2.766550523,591.4035088,0.864043798,2.766550523,1.318559565,-0.159993333,-0.159979514,0.096260208,-0.157348611,21.61403509,1.264084507,2481,3.98357E+11,45645.33333,Europe,0.846689895,0.073170732,0.080139373
0.689854631,0.663324236,486.3147684,Austria,9041851,487.2674991,0.717998067,480.4058472,491.2709588,2022,AUT,2.766550523,591.4035088,0.835315867,9.752567045,1.292740891,-0.080666667,-0.483942908,0.310008099,-0.197780634,21.51785714,1.264084507,2671.75,4.53483E+11,51023.25,Europe,0.846689895,0.073170732,0.080139373
0.773915488,0.752537605,510.5376839,Belgium,10547958,520.3489729,0.858286149,500.9005947,510.3634841,2006,BEL,2.314516129,691.0839695,0.879702222,8.993303846,0.150515504,0.420307252,0.128795489,0.199671273,0.094205072,19.74242424,-0.369409091,2126,3.85715E+11,36675,Europe,0.338709677,0.637096774,0.024193548
0.794608787,0.734837668,509.2645331,Belgium,10796493,515.2722769,0.836757485,505.9457962,506.5755261,2009,BEL,1.661478599,674.0254545,0.906196429,8.858314394,0.64210084,0.494225641,0.128795489,0.199671273,0.094205072,19.61818182,-0.369409091,2555,4.65503E+11,43669.33333,Europe,0.645914397,0.346303502,0.007782101
0.80556854,0.726857319,509.3382585,Belgium,11106932,514.5292449,0.833606521,508.6178765,504.8676541,2012,BEL,2.337254902,680.4760148,0.869969027,9.070390152,0.767641129,0.2504025,0.128795489,-0.154694662,-0.296251246,19.61818182,1.18115942,2937.333333,4.96002E+11,45588.33333,Europe,0.349019608,0.639215686,0.011764706
0.764168469,0.713456334,502.5027551,Belgium,11274196,506.9843624,0.801611057,498.5241892,501.9997137,2015,BEL,2.459770115,665.0114068,0.836179149,9.127318672,0.961559036,0.22782197,0.128795489,0.200778409,0.478733712,19.21323529,1.074349442,3029.666667,5.17778E+11,46624.33333,Europe,0.459770115,0.540229885,0
0.740954547,0.698379509,499.902624,Belgium,11427054,508.0703063,0.806216202,492.8644387,498.773127,2018,BEL,2.311320755,748.5296296,0.826982833,9.056872653,0.947461328,0.341375646,-0.006434074,0.327098201,0.564497842,19.41304348,1.139194139,2736,4.80388E+11,42444,Europe,0.41509434,0.481132075,0.103773585
0.683484143,0.660087874,486.3059438,Belgium,11685814,489.4868168,0.727409492,478.8526684,490.5783461,2022,BEL,2.311320755,787.972,0.881796815,9.050631839,0.964162673,0.341375646,-0.238354202,0.327098201,0.672079747,19.68067227,1.139194139,3072.5,5.51523E+11,47814.5,Europe,0.41509434,0.481132075,0.103773585
0.415226436,0.396087793,416.4879741,Bulgaria,7601022,401.93498,0.356129805,413.4491714,434.0797708,2006,BGR,1.04494382,575.1371429,1,11.51101734,0.054907514,-0.46033125,-0.251394382,-0.095840909,0.158744318,24,0.103364286,94.2,21551569819,2728.2,Europe,0.97752809,0,0.02247191
0.475179121,0.420452943,432.1471262,Bulgaria,7444443,429.081087,0.471247871,428.0661429,439.2941488,2009,BGR,1.04494382,561.3450292,0.995869318,12.54029586,0.494792593,-0.614388068,-0.251394382,-0.095840909,0.158744318,24.15606936,0.103364286,228,44431344147,5760.666667,Europe,0.97752809,0,0.02247191
0.518951667,0.453977412,440.4442317,Bulgaria,7305888,436.1257254,0.501121957,438.7382597,446.4687101,2012,BGR,2.978609626,572.5326087,0.969352247,14.73972678,0.598299401,-0.788422872,-0.251394382,0.084225806,0.334482162,24.15606936,1.590643275,273.3333333,53507257104,7051.333333,Europe,0.989304813,0,0.010695187
0.529007347,0.450721708,439.5598034,Bulgaria,7177991,431.7175328,0.482428205,441.1899194,445.7719579,2015,BGR,2.97740113,564.7052023,0.969352247,11.92405087,0.61554625,-1.103935955,-0.251394382,-0.045893103,-0.490784,24.5497076,1.339285714,291,55766013986,7506.333333,Europe,0.988700565,0,0.011299435
0.50788688,0.349332023,426.65272,Bulgaria,7025037,419.8440061,0.432076328,436.0405711,424.0735829,2018,BGR,2.978947368,609.7071823,0.918889831,11.76142793,0.696016949,-0.987586842,-0.390439474,0.152235294,-0.300322581,25.39247312,1.324324324,287.3333333,54695332356,7552.333333,Europe,0.989473684,0,0.010526316
0.431036917,0.334938453,414.2002864,Bulgaria,6465097,404.3037395,0.366174966,417.3039004,420.9932194,2022,BGR,2.947368421,586.6193182,0.931651429,11.12398497,0.96303631,-0.793286364,-0.572567045,-0.353570857,-0.619395977,26.53107345,1.324324324,441.25,72415348474,10345,Europe,0.973684211,0,0.026315789
0.330881292,0.191666208,384.2439098,Brazil,188820682,369.5150465,0.218647106,392.8851121,390.3315707,2006,BRA,2.854419411,1112.643333,0.030912245,32.4910531,0.017549393,0.185231691,0.125755627,-0.385505059,-0.480208602,36.76623377,-0.501056684,146.4,6.5723E+11,3618,South America,0.927209705,0,0.072790295
0.408277358,0.262094878,400.9910093,Brazil,194517549,385.8141118,0.287766294,411.7549274,405.4039887,2009,BRA,1.145785877,1002.134793,0.030912245,30.16604491,0.131927171,0.13778074,0.125755627,-0.385505059,-0.480208602,36.16717791,-0.501056684,371.3333333,1.4002E+12,7330.333333,South America,0.924829157,0.004555809,0.070615034
0.38685985,0.244412017,398.8872687,Brazil,199977707,388.5089633,0.299194308,406.5331578,401.619685,2012,BRA,2.827970297,916.4517282,0.627836517,29.64988987,0.161335582,0.232622169,0.125755627,-0.464451856,-0.339011285,36.16717791,1.2296875,620,2.164E+12,11006.66667,South America,0.910891089,0.006188119,0.082920792
0.39020442,0.240030991,395.0334063,Brazil,205188205,377.0695234,0.250683257,407.3485923,400.6821031,2015,BRA,2.796296296,875.5764499,0.827836517,30.78648606,0.205743864,-0.110494534,0.125755627,0.504228805,0.225960393,35.06286837,1.23047619,718.6666667,2.4647E+12,12219.33333,South America,0.895622896,0.005050505,0.099326599
0.412864521,0.253763261,400.0211275,Brazil,210166592,383.5691241,0.27824601,412.8733165,403.6209419,2018,BRA,2.773265651,787.0714286,0.888707186,28.56222519,0.100529703,-0.136893478,0.06759009,0.544747059,0.417854367,34.69421488,1.53877551,574,1.88714E+12,9120.333333,South America,0.886632826,0,0.113367174
0.402543562,0.250867466,397.3498533,Brazil,215313498,378.691367,0.257560983,410.3569794,403.0012136,2022,BRA,2.784246575,778.7225806,0.829243363,24.97049413,0.192604043,-0.131577386,-0.274937681,0.392482231,0.184229959,34.71728972,1.53877551,494,1.75544E+12,8296.666667,South America,0.892123288,0,0.107876712
0.869651457,0.838241522,526.5839797,Canada,33628895,526.8051528,0.885664769,524.2418333,528.704953,2009,CAN,1.10251046,765.276824,0.907447172,15.06206593,0.834981417,-0.142194427,-0.407634013,-0.314758204,-0.024008669,25.4543379,0.507796054,2163,1.55299E+12,46751,North America,0.937238494,0.023012552,0.039748954
0.865066586,0.822991466,522.2118987,Canada,34714222,518.0703997,0.848623439,523.1240031,525.4412932,2012,CAN,2.891552511,738.1919431,0.942947368,14.75878221,1.1654828,-0.196791781,-0.407634013,-0.459897383,0.072700683,25.4543379,2.501714286,2427,1.5951E+12,46929,North America,0.929223744,0.033105023,0.037671233
0.879601776,0.833567581,523.3399725,Canada,35702908,515.647428,0.838348382,526.6678054,527.7046842,2015,CAN,2.899380805,708.3775039,0.933536282,14.92058412,1.211615913,-0.065478683,-0.407634013,0.498764771,0.047693175,24.54141104,2.49845679,2453.333333,1.8269E+12,52123.33333,North America,0.938080495,0.023219814,0.03869969
0.852604007,0.788209712,516.7000416,Canada,37065084,512.0169429,0.822952641,520.085521,517.9976609,2018,CAN,2.871481028,708.3775039,0.93908763,14.92058412,1.230681187,0.02974368,-0.425563217,0.431496766,0.217649502,24.54141104,2.48125,2113.333333,1.57792E+12,43663,North America,0.919216646,0.033047736,0.047735618
0.799477772,0.774280507,506.365822,Canada,38929902,496.9478944,0.759049566,507.1328958,515.0166759,2022,CAN,2.893395133,708.3775039,0.914710256,14.92058412,1.186007556,0.02974368,-0.654801039,0.531025455,0.133999481,24.54141104,2.48125,2262.25,1.78305E+12,47342.5,North America,0.935110081,0.023174971,0.041714948
0.767259398,0.757959907,513.4859469,Switzerland,7483934,529.6561473,0.897754936,499.2777838,511.5239095,2006,CHE,2.899598394,439.2804124,0.847063084,11.52366309,0.171821577,-0.095544511,-0.367921226,0.172785036,0.224185036,19.43434343,-0.520293365,2392.5,3.43229E+11,46912.5,Europe,0.9437751,0.012048193,0.044176707
0.772273285,0.781527068,517.0094555,Switzerland,7743831,533.9606448,0.91600895,500.5002117,516.5675101,2009,CHE,1.083333333,465.5727924,0.859428571,12.32941582,0.553775819,-0.046874171,-0.367921226,0.172785036,0.224185036,20.81887755,-0.520293365,3125.333333,4.99881E+11,66138.66667,Europe,0.95,0.016666667,0.033333333
0.807300938,0.775592824,518.422926,Switzerland,7996861,530.9310039,0.9031612,509.0402497,515.2975244,2012,CHE,2.899497487,469.5994764,0.849074271,11.5456,0.628576623,0.126881912,-0.367921226,0.043454922,0.055881551,20.81887755,1.917098446,3866.666667,6.22984E+11,79568,Europe,0.942211055,0.015075377,0.042713568
0.738222033,0.729839246,506.3182064,Switzerland,8282396,521.2505752,0.862109559,492.1982286,505.5058155,2015,CHE,2.825242718,595.3428571,0.814305208,11.87178439,0.772170769,-0.42174381,-0.367921226,-0.140523923,-0.185288462,20.51184834,1.723004695,4290.333333,7.06398E+11,87299,Europe,0.902912621,0.019417476,0.077669903
0.704306788,0.682039879,498.1734687,Switzerland,8514329,515.3147131,0.836937443,483.9294052,495.2762879,2018,CHE,2.824561404,621.1674208,0.822793333,12.18752765,0.831529557,-0.512925221,-0.462207965,-0.002993778,-0.262092889,19.18303571,1.769911504,4135.666667,6.92405E+11,82742,Europe,0.907894737,0.00877193,0.083333333
0.701855391,0.715902616,497.9485205,Switzerland,8775760,507.9905862,0.805878134,483.3317338,502.5232415,2022,CHE,2.884169884,660.2256637,0.804163366,11.67720526,0.862575543,-0.424781463,-0.777460976,-0.050729327,-0.192900483,19.44230769,1.769911504,4553.5,7.50587E+11,87204,Europe,0.934362934,0.015444015,0.05019305
0.532704619,0.415234937,430.5397098,Chile,16334575,411.3503386,0.396057367,442.0913457,438.1774451,2006,CHL,2.439490446,966.5541401,0.154614035,24.26532117,0.040690323,0.526146386,-0.43173379,-0.119145213,-0.396301064,38.10344828,-0.303628108,205.8,89293301448,5629.8,South America,0.515923567,0.407643312,0.076433121
0.562556994,0.45864379,439.2991468,Chile,16833447,421.0604732,0.437234981,449.3696071,447.4673602,2009,CHL,1.525641026,950.2329545,0.154175824,23.18392949,0.366405882,0.403847872,-0.43173379,-0.119145213,-0.396301064,32.74885845,-0.303628108,344.3333333,1.68743E+11,10224,South America,0.512820513,0.448717949,0.038461538
0.529861478,0.446805824,436.32148,Chile,17341771,422.6323555,0.443900837,441.3981639,444.9339207,2012,CHL,2.028571429,823.0663507,0.228714976,19.42905528,0.597313636,0.62208733,-0.43173379,0.20820411,-0.417533175,32.74885845,1.941176471,521.3333333,2.13404E+11,12536,South America,0.328571429,0.371428571,0.3
0.60029674,0.456254675,442.7327668,Chile,17870124,422.6713579,0.444066234,458.5708761,446.9560664,2015,CHL,2.08,900.4672897,0.254076382,18.68933732,0.747636275,-0.350180275,-0.43173379,-0.426771429,0.423015207,31.19634703,2.037209302,709,2.68478E+11,15258.5,South America,0.34,0.4,0.26
0.574463665,0.440491356,437.7538913,Chile,18701450,417.4065563,0.421739873,452.2725542,443.5825634,2018,CHL,2.053497942,883.7511962,0.265194898,18.82138781,0.744941379,-0.242219737,-0.263892982,-0.010252018,0.600652915,32.543379,2.188073394,740.6666667,2.55983E+11,14129.66667,South America,0.33744856,0.378600823,0.283950617
0.556853132,0.440308369,434.4063102,Chile,19603733,411.6965707,0.397525628,447.9789574,443.5434025,2022,CHL,2.122270742,866.9461883,0.265194898,17.3157028,0.705393301,0.223818222,-0.348514222,0.232360444,0.407929333,34.05381166,2.188073394,809,2.76062E+11,14533,South America,0.358078603,0.406113537,0.23580786
0.299803314,0.180950343,381.1082746,Colombia,42772910,369.9785135,0.220612524,385.3080385,388.0382718,2006,COL,2.641025641,1612.75817,0.880805755,24.31369718,0.082544828,0.103418519,0.456196855,-0.125723985,-0.22537048,40.5,0.11094382,106.1666667,1.08893E+11,2666.333333,South America,0.801282051,0.038461538,0.16025641
0.414128557,0.245021476,398.5932763,Colombia,44313917,380.8482149,0.266707494,413.1814991,401.750115,2009,COL,1.253846154,1459.988636,0.905715596,26.56574603,0.399918605,0.074632963,0.456196855,-0.125723985,-0.22537048,39.875,0.11094382,186.6666667,2.03509E+11,4693.333333,South America,0.853846154,0.038461538,0.107692308
0.374019345,0.230669399,392.856589,Colombia,45782417,376.488601,0.248219749,403.4025342,398.6786316,2012,COL,2.686567164,1298.079511,0.132133333,26.79962617,0.548,0.523897376,0.456196855,-0.516855587,-0.419285673,39.875,1.596385542,296.6666667,2.84644E+11,6344,South America,0.802985075,0.080597015,0.11641791
0.462214124,0.310339292,410.0925851,Colombia,47119728,389.6438279,0.304006911,424.905167,415.7287606,2015,COL,2.508143322,1186.293333,0.116868621,28.3792939,1.059867273,0.329043218,0.456196855,0.058861465,-0.002124204,35.42811502,1.467741935,378.3333333,3.78009E+11,8176,South America,0.723127036,0.061889251,0.214983713
0.410492858,0.299097894,405.5167836,Colombia,49276961,390.9322732,0.3094708,412.295085,413.3229926,2018,COL,2.548780488,1378.278008,0.385934298,24.56798797,0.772837168,0.356173061,0.690575918,0.19746,0.311426122,35.72540984,1.56557377,279,2.96026E+11,6205,South America,0.768292683,0.012195122,0.219512195
0.39560388,0.288807148,400.8275117,Colombia,51874024,382.6968352,0.274546909,408.6650264,411.1206733,2022,COL,2.598455598,1322.669456,0.825832099,23.9311974,0.705022685,0.322886066,0.576495492,0.264395902,0.168434016,32.73360656,1.56557377,290.6666667,3.09193E+11,6175.666667,South America,0.783783784,0.030888031,0.185328185
0.699326472,0.764206524,501.8117556,Czech Republic,10238905,509.8593589,0.813803009,482.715162,512.8607459,2006,CZE,2.957446809,437.4424779,0.879057018,13.80722273,0.105008889,0.068321552,-0.088065782,-0.1487744,0.072476,24.82403434,0.0660248,361.5,94813428965,9247,Europe,0.961702128,0.034042553,0.004255319
0.680752704,0.706434934,490.4992935,Czech Republic,10443936,492.8140941,0.741519424,478.1867204,500.4970659,2009,CZE,1.052631579,409.0161943,0.880186722,12.79234167,0.643029046,-0.009204032,-0.088065782,-0.1487744,0.072476,23.84,0.0660248,731.3333333,1.94421E+11,18793,Europe,0.947368421,0.052631579,0
0.741058316,0.742891297,500.0489006,Czech Republic,10510785,498.9578825,0.767573291,492.8897384,508.2990809,2012,CZE,2.887550201,452.2449799,0.908609756,13.12351406,0.986135246,-0.449708065,-0.088065782,0.223116942,0.201403719,23.84,1.25203252,853,2.15356E+11,20584.33333,Europe,0.899598394,0.088353414,0.012048193
0.717927054,0.670609371,490.8018759,Czech Republic,10546059,492.325438,0.739447188,487.2501413,492.8300483,2015,CZE,2.907185629,429.8545455,0.921053254,12.90915212,1.038617857,-0.421009172,-0.088065782,0.15457071,-0.318793195,23.4954955,1.166163142,814.3333333,2.09967E+11,19969.66667,Europe,0.913173653,0.080838323,0.005988024
0.730103308,0.689119104,495.4925921,Czech Republic,10629928,499.4676508,0.769735057,490.2188148,496.7913106,2018,CZE,2.916923077,440.4783951,0.906535032,12.69650588,0.966853651,0.131429938,0.157204012,0.034644172,-0.305692025,23.81288344,1.161993769,951,2.00978E+11,19090.33333,Europe,0.923076923,0.070769231,0.006153846
0.723478656,0.693561597,491.1149746,Czech Republic,10672118,486.999208,0.716860329,488.6036687,497.7420471,2022,CZE,2.883449883,454.685446,0.872769807,12.90080773,1.055920764,0.190723488,-0.133922791,-0.132295105,-0.119457576,23.41860465,1.161993769,1138.5,2.57329E+11,24442.75,Europe,0.897435897,0.088578089,0.013986014
0.749485749,0.777235765,504.794802,Germany,82376451,503.7908583,0.788068415,494.9444179,515.6491299,2006,DEU,2.939252336,646.4178404,0.91132,16.93658768,0.093801887,0.371311215,0.043663131,0.035724883,-0.058828169,25.27699531,0.267004348,1440,2.84686E+12,35055,Europe,0.943925234,0.051401869,0.004672897
0.759168105,0.799460085,510.1626834,Germany,81902307,512.7776425,0.826178528,497.305058,520.4053495,2009,DEU,1.042654028,682.9146919,0.930283505,15.46235644,0.512187817,0.542885849,0.043663131,0.035724883,-0.058828169,24.83417085,0.267004348,1745.666667,3.38852E+12,41733.33333,Europe,0.957345972,0.042654028,0
0.80170753,0.816821218,515.1074619,Germany,80425823,513.5250557,0.829348071,507.6765296,524.1208004,2012,DEU,2.934010152,676.2261307,0.930714286,14.83353608,0.727310526,0.436772727,0.043663131,-0.179027136,-0.30639799,24.83417085,2.221105528,2082.333333,3.52008E+12,43276.33333,Europe,0.939086294,0.055837563,0.005076142
0.807562983,0.746823672,508.0720228,Germany,81686611,505.9712824,0.797314905,509.1041387,509.1406472,2015,DEU,2.923857868,723.2,0.890334066,14.38074339,0.573237634,0.461085052,0.043663131,0.067059278,0.32704433,24.44278607,2.05,2242,3.71668E+12,45492,Europe,0.92893401,0.065989848,0.005076142
0.76316386,0.718078507,500.4373136,Germany,82905782,500.0437805,0.772178241,498.2792569,502.9889033,2018,DEU,2.957671958,727.4153005,0.880132386,13.93855856,0.683446328,0.380914439,0.260673404,0.175131383,0.439936702,24.51595745,2.139037433,2067,3.5061E+12,42575,Europe,0.962962963,0.031746032,0.005291005
0.687345192,0.668724789,482.3490694,Germany,83797985,474.8264539,0.665239524,479.7940247,492.4267295,2022,DEU,2.952606635,730.9547739,0.860588205,13.83946952,0.570343478,0.435588265,-0.098688889,0.093076768,0.204953535,24.21827411,2.139037433,2425,4.00746E+12,48167.5,Europe,0.957345972,0.037914692,0.004739336
0.747593129,0.684927703,501.1344138,Denmark,5437272,513.0259502,0.827231523,494.4829811,495.8943102,2006,DNK,2.736842105,450.8322981,0.91396139,11.59721019,0.186487179,0.076856977,-0.234193774,0.111871071,0.347637857,19.92982456,-1.113668864,3127.333333,2.0692E+11,38361.66667,Europe,0.748538012,0.239766082,0.011695906
0.749369854,0.701014192,499.1770946,Denmark,5523095,503.2781474,0.785894169,494.9161617,499.3369747,2009,DNK,1.175182482,480.113879,0.91396139,11.48798195,0.835913934,-0.061006762,-0.234193774,0.111871071,0.347637857,21.03514377,-1.113668864,4415.333333,3.18556E+11,58112.66667,Europe,0.843065693,0.138686131,0.018248175
0.754352125,0.69698273,498.2106137,Denmark,5591572,500.0267567,0.772106048,496.1308815,498.4742028,2012,DNK,2.784565916,488.1320132,0.91396139,11.63738163,0.987218855,-0.090820067,-0.234193774,-0.099618333,0.024218881,21.03514377,1.053872054,5037,3.2908E+11,59276.33333,Europe,0.807073955,0.170418006,0.022508039
0.769461128,0.713162765,504.279701,Denmark,5683483,511.0876318,0.819011727,499.8145841,501.936887,2015,DNK,2.807843137,569.2910448,0,12.38618294,1.001803557,-0.622036614,-0.234193774,-0.091489961,-0.077662548,21.42592593,0.996138996,4728.333333,3.41242E+11,60652,Europe,0.82745098,0.152941176,0.019607843
0.77485614,0.669707473,501.0551139,Denmark,5793636,509.3983746,0.81184812,501.1299337,492.6370334,2018,DNK,2.783536585,522.6769231,0,12.93401102,0.9576588,-0.636828044,-0.408342491,-0.068956322,-0.207877778,20.95719844,1.1484375,4025.333333,3.1597E+11,55354.33333,Europe,0.820121951,0.143292683,0.036585366
0.724287988,0.675215066,490.6301931,Denmark,5903037,489.2738769,0.726506481,488.8009907,493.8157116,2022,DNK,2.771513353,509.448505,0,12.22416192,0.922065918,-0.384480935,-0.71094964,-0.449731047,-0.270661733,21.24909747,-0.331685006,4365.25,3.65948E+11,62964.75,Europe,0.786350148,0.198813056,0.014836795
0.609563178,0.650023735,476.4040473,Spain,44397319,479.957507,0.686998699,460.8301121,488.4245227,2006,ESP,2.510416667,657.9429825,1,11.87338599,0.106124077,-0.662035894,0.172105528,0.222528358,0.081104363,25.78434269,-0.331685006,829.3333333,8.44202E+11,19980.66667,Europe,0.574404762,0.361607143,0.063988095
0.6924652,0.649229881,484.2633655,Spain,46362946,483.4931402,0.701992203,481.042326,488.2546302,2009,ESP,1.423444976,659.7262045,1,11.3216335,0.621913199,-0.720177945,0.172105528,0.222528358,0.081104363,24.70050761,-0.331685006,1393.666667,1.45542E+12,32150.66667,Europe,0.612440191,0.351674641,0.035885167
0.720753208,0.687504754,489.5681011,Spain,46773055,484.3192978,0.705495677,487.9391816,496.445824,2012,ESP,2.578107184,675.4295775,1,11.86013318,0.749133566,-0.744221558,0.172105528,0.261980457,-0.163758857,24.70050761,0.974654378,1521.666667,1.46476E+12,31462.66667,Europe,0.62713797,0.323831243,0.049030787
0.752078019,0.670404183,491.4019296,Spain,46444832,485.8432173,0.711958138,495.5764353,492.7861361,2015,ESP,2.608247423,724.7956989,0.886469364,12.51287088,0.78129235,0.220227136,0.172105528,-0.212329146,-0.169562312,26.61809045,1.071794872,1268.333333,1.35072E+12,28981.66667,Europe,0.664948454,0.278350515,0.056701031
0.708697919,0.625854362,483.2148851,Spain,46797754,481.3926126,0.693084529,485,483.2520427,2018,ESP,2.568269231,710.2935223,0.918203244,11.68397605,0.836264021,0.292359483,0.114850238,-0.151848008,-0.099275806,27.86641221,1.129094412,1137.333333,1.24765E+12,26832,Europe,0.639423077,0.289423077,0.071153846
0.66484018,0.631842902,477.3269896,Spain,47778340,473.1402081,0.658088688,474.3071124,484.5336484,2022,ESP,2.578616352,725.8641553,0.845581186,11.25604736,1.003832199,-0.019484174,-0.271960321,-0.221845029,-0.254298857,25.23880597,1.129094412,1307,1.38495E+12,29348.75,Europe,0.645702306,0.28721174,0.067085954
0.773296834,0.850796334,515.5723426,Estonia,1346810,514.5754617,0.833802511,500.7497618,531.3918043,2006,EST,2.970414201,590.6331361,0.870880952,15.07808284,0.076337278,0.392246108,0.036574634,-0.124116,0.086330286,28.5952381,0.416987283,343.1666667,9239320046,6741.833333,Europe,0.976331361,0.017751479,0.00591716
0.774166794,0.834161348,513.6326063,Estonia,1334515,512.1041974,0.82332266,500.9618654,527.8317561,2009,EST,1.045977011,531.183908,0.898834356,11.72096296,0.555896341,-0.088020571,0.036574634,-0.124116,0.086330286,28.17241379,0.416987283,837.3333333,21271226172,15864,Europe,0.965517241,0.022988506,0.011494253
0.837053535,0.897583717,526.0814878,Estonia,1322696,520.5455216,0.85911965,516.2941844,541.4047575,2012,EST,2.965517241,483.3980583,0.942628141,10.77744724,0.834660099,0.01951699,0.036574634,-0.033879126,0.180043455,28.17241379,2.04950495,854.3333333,20790167606,15620.33333,Europe,0.97044335,0.024630542,0.004926108
0.848737587,0.863888908,524.2885765,Estonia,1315407,519.5291323,0.854809464,519.142855,534.1937421,2015,EST,2.941463415,482.9387755,0.879660963,11.07418757,0.818884906,0.068922549,0.036574634,0.004423786,-0.227743204,23.40609137,1.935960591,878,24922995801,18906.66667,Europe,0.951219512,0.03902439,0.009756098
0.864627779,0.844797541,525.513201,Estonia,1321977,523.4145802,0.871286421,523.0170184,530.1080046,2018,EST,2.934782609,498.720524,0.793426201,11.29221441,1.161938503,0.37531,0.110868696,0.04524087,-0.027973913,20.7753304,2.030837004,951.3333333,24629325490,18713.33333,Europe,0.956521739,0.02173913,0.02173913
0.815463418,0.824722627,515.5963543,Estonia,1348840,509.9469531,0.814174468,511.0303315,525.8117784,2022,EST,2.928571429,570.5309278,0.755605181,11.15362031,0.988001775,0.37531,-0.145981122,0.261590769,0.265829744,21.23834197,2.030837004,1351,32527596463,24513.25,Europe,0.933673469,0.06122449,0.005102041
0.962455654,1,552.849837,Finland,5266268,548.3583951,0.977065262,546.8682813,563.3228345,2006,FIN,2.961038961,414.8947368,0.856067568,11.16510135,0.150946667,-0.264929677,0.050748171,-0.271365025,-0.029363054,20.70967742,-0.2858235,1863.666667,1.61662E+11,31011.16667,Europe,0.961038961,0.038961039,0
0.917378067,0.956808849,543.4872808,Finland,5338871,540.5043482,0.94375873,535.8779845,554.0795098,2009,FIN,1.0591133,446.4070352,0.878738693,10.63225888,0.487264249,-0.263750246,0.050748171,-0.271365025,-0.029363054,19.29568106,-0.2858235,2776,2.53061E+11,47824.33333,Europe,0.9408867,0.0591133,0
0.868748438,0.916448206,529.4046487,Finland,5413971,518.7503353,0.851506832,524.0216698,545.4419411,2012,FIN,2.944625407,408.3210702,0.882636667,10.38938435,0.519313333,-0.339309091,0.050748171,-0.473012338,-0.06747973,19.29568106,1.579470199,3129.666667,2.59509E+11,48379.33333,Europe,0.944625407,0.055374593,0
0.878604853,0.847382257,522.7209196,Finland,5479531,511.076853,0.818966017,526.4247471,530.6611589,2015,FIN,2.950920245,417.7791411,0.919099394,10.1299179,0.828260131,-0.041098171,0.050748171,0.238592593,-0.011008642,18.72289157,1.521472393,3512.666667,2.68172E+11,49310,Europe,0.950920245,0.049079755,0
0.852576228,0.806371984,516.4215577,Finland,5515525,507.3013618,0.802955351,520.0787482,521.884563,2018,FIN,2.953051643,458.9186603,0.889383333,10.76396029,0.583170256,0.083653299,0.090447716,0.309436321,0.043165566,19.23809524,1.371428571,2988.333333,2.43651E+11,44343.33333,Europe,0.953051643,0.046948357,0
0.730098673,0.755319565,495.1052537,Finland,5556106,484.1392257,0.704732047,490.2176849,510.9588507,2022,FIN,2.929166667,551.6956522,0.867609692,10.82685714,0.849857534,0.221251724,-0.569027155,0.240062771,-0.156158874,19.77489178,1.371428571,3144.5,2.78145E+11,50335.25,Europe,0.929166667,0.070833333,0
0.719797808,0.681776111,492.8214729,France,63628261,495.5383329,0.753072061,487.7062469,495.219839,2006,FRA,2.819512195,783.5323383,0.815534759,11.92494301,0.628903061,-0.183996244,-0.163626786,0.04823662,-0.151035211,28.79812207,1.962085308,2003,2.19695E+12,36307,Europe,0.819512195,0.180487805,0
0.752242518,0.695827134,496.8752486,France,64710879,496.7823103,0.758347376,495.6165415,498.2268939,2009,FRA,2.819512195,783.5323383,0.815534759,11.92494301,0.628903061,-0.183996244,-0.163626786,0.04823662,-0.151035211,28.79812207,1.962085308,2314.666667,2.63714E+12,42983.66667,Europe,0.819512195,0.180487805,0
0.792704371,0.699303618,499.812351,France,65662240,494.9846743,0.75072417,505.4814833,498.9708952,2012,FRA,2.736842105,832.7669492,0.778077155,12.48854095,0.804129245,0.153587838,-0.163626786,0.180825221,0.400921239,28.86757991,1.85046729,2452,2.73708E+12,43833,Europe,0.819512195,0.180487805,0
0.767375711,0.680644207,495.7347147,France,66548272,492.9204018,0.741970242,499.3061419,494.9776004,2015,FRA,2.736842105,832.7669492,0.778077155,12.48854095,0.804129245,0.153587838,-0.163626786,0.180825221,0.400921239,28.86757991,1.85046729,2413,2.78384E+12,43953.33333,Europe,0.798245614,0.140350877,0.061403509
0.739896505,0.671296375,493.6637108,France,67158348,495.4075794,0.752517577,492.6064792,492.9770739,2018,FRA,2.743589744,904.15311,0.739309744,11.84604677,0.737348485,0.035746512,-0.247724651,0.140412093,0.252536279,28.91981132,1.900473934,2126.666667,2.50243E+12,39110.33333,Europe,0.824786325,0.094017094,0.081196581
0.662974147,0.644420043,478.3406182,France,67971311,473.9444183,0.661499089,473.8521579,487.2252785,2022,FRA,2.673992674,918.0245902,0.804378109,12.19608111,0.928670297,0.603047273,-0.37090724,0.292712162,0.505113063,28.96244132,1.900473934,2337.75,2.78165E+12,43177.75,Europe,0.802197802,0.06959707,0.128205128
0.750056245,0.773144446,501.767072,United Kingdom,60846820,495.4441585,0.752672697,495.0835096,514.7735479,2006,GBR,2.925764192,1001.662222,0.953195755,14.97370136,0.262866972,-0.124320734,-0.033494132,0.185461404,0.144052632,24.55434783,0.953929386,1551,2.02004E+12,33871,Europe,0.958515284,0.008733624,0.032751092
0.746358672,0.768175942,500.1021094,United Kingdom,62276270,492.4140783,0.739823084,494.18201,513.7102399,2009,GBR,1.074561404,995.9136364,0.961096535,14.54511163,0.902898345,-0.284065714,-0.033494132,0.185461404,0.144052632,24.57676349,0.953929386,2342,2.90945E+12,47479.66667,Europe,0.962719298,0,0.037280702
0.767445329,0.770134181,502.4622227,United Kingdom,63700215,493.934231,0.746269571,499.3231153,514.129322,2012,GBR,2.767295597,966.9243697,0.971181176,14.96027741,1.013751092,-0.255774636,-0.033494132,0.257236929,0.334799378,24.57676349,2.653526971,2184.333333,2.52071E+12,40153,Europe,0.809224319,0.14884696,0.041928721
0.761903338,0.747201485,499.8906549,United Kingdom,65116219,492.4785307,0.740096406,497.9719311,509.2215029,2015,GBR,2.891304348,965.0024155,0.934849724,14.71336211,1.072496183,-0.235972683,-0.033494132,-0.451785396,0.01667469,24.22093023,2.675294118,2471.666667,2.85222E+12,44349.33333,Europe,0.937198068,0.016908213,0.04589372
0.786333083,0.725921938,503.4551607,United Kingdom,66460344,501.7698992,0.779498165,503.9281094,504.6674736,2018,GBR,2.668269231,1010.799465,0.962432039,15.27780882,1.587995225,-0.132975328,0.044869713,-0.228065729,0.066898462,24.85089974,2.766666667,2304.666667,2.76572E+12,42138.66667,Europe,0.71875,0.230769231,0.050480769
0.74727175,0.702571314,494.349975,United Kingdom,66971395,488.975085,0.7252394,494.4046261,499.6702139,2022,GBR,2.610328638,1031.737374,0.946520656,15.11802554,1.295753982,0.329774481,-0.195292012,-0.053587059,-0.031408529,25.61627907,2.766666667,2305.25,2.89052E+12,43210.75,Europe,0.671361502,0.267605634,0.061032864
0.604973807,0.579715896,464.0970451,Greece,11020362,459.2019867,0.598981093,459.7111847,473.377964,2006,GRC,2.893617021,259.6772487,0.965222222,8.489320652,0.090843243,-0.36730582,0.410975962,0.063565193,-0.035285083,31.36021505,-0.248602732,596.1666667,1.85423E+11,16709.33333,Europe,0.946808511,0,0.053191489
0.699576995,0.564472662,472.9961262,Greece,11107017,466.0963727,0.628218006,482.7762418,470.1157642,2009,GRC,1.077777778,266.1092896,0.96665,8.239237288,0.227740331,-0.480491209,0.410975962,0.063565193,-0.035285083,25.36702128,-0.248602732,1047.333333,3.16119E+11,28507.33333,Europe,0.961111111,0,0.038888889
0.67669401,0.54861481,465.6308779,Greece,11045011,452.973427,0.572567739,477.1971766,466.7220301,2012,GRC,2.956043956,276.4333333,0.792927152,8.794855422,0.260789189,-0.363271505,0.410975962,0.020570745,-0.201737766,25.36702128,1.462365591,1171.666667,3.0381E+11,27537.66667,Europe,0.978021978,0,0.021978022
0.635031638,0.493041562,458.4994017,Greece,10820883,453.6298507,0.575351424,467.0395379,454.8288166,2015,GRC,2.913043478,248.9848485,0.871504972,9.504926531,0.255139896,0.62730628,0.410975962,-0.430701905,-0.578626667,23.04926108,1.475728155,977.3333333,2.38798E+11,21880,Europe,0.956521739,0,0.043478261
0.595553338,0.478107308,453.4724934,Greece,10732882,451.3703438,0.565769569,457.4143948,451.6327416,2018,GRC,2.89958159,244.3586498,0.843983568,9.337030769,0.258451293,0.087778632,0.606359052,-0.221264583,-0.252548117,22.53974895,1.651260504,678.3333333,1.96225E+11,18255.66667,Europe,0.949790795,0,0.050209205
0.517730895,0.427424177,436.4576691,Greece,10426919,430.1463218,0.475765195,438.4406251,440.7860604,2022,GRC,2.87826087,262.7668161,0.878016746,8.62250852,0.250740639,0.41618565,0.637020089,-0.085436771,-0.342947748,23.42222222,1.651260504,765.75,2.05113E+11,19458.5,Europe,0.939130435,0,0.060869565
0.677379226,0.672358562,479.2717814,Croatia,4311159,467.246714,0.633096241,477.364238,493.2043921,2006,HRV,2.98136646,649.335443,0.979282895,13.79728205,0.057666667,-0.25171375,0.875664151,-0.505522293,-0.111370701,27.53416149,0.235190446,360,37223732798,8364.25,Europe,0.98757764,0.00621118,0.00621118
0.670753731,0.640392983,474.0170841,Croatia,4305181,459.9389177,0.602106185,475.7488861,486.3634485,2009,HRV,1.050632911,621.8766234,0.9985,12.85274497,0.341560811,-0.186682692,0.875664151,-0.505522293,-0.111370701,26.54938272,0.235190446,589,59149361898,13430,Europe,0.974683544,0,0.025316456
0.706913863,0.663724335,482.3510256,Croatia,4267558,471.1314606,0.649570224,484.5650322,491.3565839,2012,HRV,2.957055215,596.6375,1,12.47272612,0.333955975,-0.44508589,0.875664151,-0.534035583,-0.313036196,26.54938272,1.515337423,595.3333333,61234102484,14020.66667,Europe,0.975460123,0.006134969,0.018404908
0.716339927,0.589123006,475.4314874,Croatia,4203604,464.0400992,0.619498,486.8631863,475.3911767,2015,HRV,2.9625,594.4556962,0.947530769,11.52237161,0.309565806,-0.017838994,0.875664151,0.959916456,0.369270253,24.625,1.512658228,679.6666667,58829986374,13656.66667,Europe,0.96875,0.025,0.00625
0.684043943,0.574971511,471.8520149,Croatia,4087843,464.2042728,0.620194209,478.9891523,472.3626195,2018,HRV,2.961325967,505.8033708,0.916334337,9.89459422,0.464770286,0.038851111,0.786825414,0.742334066,0.425807143,21.8121547,1.55,576.3333333,53357893073,12636.66667,Europe,0.972375691,0.016574586,0.011049724
0.669728583,0.623122741,473.7571951,Croatia,3855600,463.1051895,0.615533343,475.4989465,482.6674493,2022,HRV,2.960893855,481.8863636,0.872762893,9.138169461,0.50783631,0.178994767,0.246773099,0.452822222,0.216634884,21.43195266,1.55,675.25,62887942684,15301,Europe,0.972067039,0.016759777,0.011173184
0.697929291,0.722484035,492.4145431,Hungary,10071370,490.937383,0.733560886,482.3745175,503.931729,2006,HUN,2.850828729,492.9032258,0.9625,12.03107735,0.174225806,-0.544658602,0.437698253,0.131904278,0.477129947,27.18032787,0.064459358,411,78532392583,7758.833333,Europe,0.872928177,0.104972376,0.022099448
0.746345314,0.716461033,495.663843,Hungary,10022650,490.1700275,0.730306773,494.1787533,502.6427483,2009,HUN,1.119565217,533.1358696,0.941865591,11.70619565,0.604659218,-0.544883422,0.437698253,0.131904278,0.477129947,29.90954774,0.064459358,703.6666667,1.38076E+11,13754,Europe,0.885869565,0.108695652,0.005434783
0.722894858,0.677488984,486.6027136,Hungary,9920362,477.0444549,0.674645365,488.4613339,494.3023521,2012,HUN,2.855,522.0765306,0.941865591,12.30883163,0.692159794,-0.643142714,0.437698253,0.143877778,0.397881313,29.90954774,1.864321608,641.3333333,1.35062E+11,13530.66667,Europe,0.855,0.145,0
0.645218815,0.595460736,474.367217,Hungary,9843028,476.8308808,0.673739665,469.5232579,476.7475124,2015,HUN,2.808695652,426.7333333,0.941865591,9.818461644,0.805099543,0.079365066,0.437698253,-0.414474783,-0.666096522,26.65217391,1.510917031,590,1.35177E+11,13662.66667,Europe,0.826086957,0.156521739,0.017391304
0.671729029,0.614918648,479.3270008,Hungary,9775564,481.0826364,0.691770018,475.9866722,480.9116939,2018,HUN,2.785087719,476.3772727,0.941865591,10.35279721,0.718534286,0.02316913,0.353480435,-0.328496522,-0.411529694,26.14977974,1.649122807,618.6666667,1.32299E+11,13479.33333,Europe,0.793859649,0.197368421,0.00877193
0.659375289,0.638181447,477.2136689,Hungary,9643048,472.7761222,0.656544715,472.974726,485.8901584,2022,HUN,2.725321888,478.9777778,0.941865591,10.82913194,0.728455288,0.359692952,0.292697797,-0.669740969,-0.511017181,24.44444444,1.649122807,769.5,1.65996E+11,17023.75,Europe,0.738197425,0.248927039,0.012875536
0.367057575,0.155396266,385.1918595,Indonesia,240981299,371.300931,0.226220479,401.7051957,382.5694517,2009,IDN,1.861111111,484.6830601,0.455756906,15.93302747,0.162651934,0.34678022,0.827612288,0.651567582,0.505761202,34.38755981,-0.179869399,62,5.10229E+11,2144,Asia,0.472222222,0.194444444,0.333333333
0.344149832,0.152321792,384.3820102,Indonesia,250222695,375.1144515,0.242392415,396.1200945,381.9114845,2012,IDN,2.307317073,508.6,0.562697802,15.73501546,0.179159204,0.2839125,0.827612288,0.809766184,0.345819324,34.38755981,1.579710145,93.66666667,7.29214E+11,2982.333333,Asia,0.546341463,0.214634146,0.23902439
0.348823172,0.251327874,395.4896104,Indonesia,259091970,386.1095915,0.289019331,397.2594943,403.0997454,2015,IDN,2.420353982,636.8119266,0.6227287,15.21024861,0.159086,-0.152002966,0.827612288,-0.920110638,-0.865155319,30.32905983,1.801724138,120,9.0707E+11,3582.666667,Asia,0.579646018,0.261061947,0.159292035
0.240975749,0.218480335,381.9011886,Indonesia,267066843,378.6681313,0.257462448,370.9653808,396.0700537,2018,IDN,2.562674095,571.0548387,0.590526073,16.93641169,0.362397659,0.364352212,0.712025806,-0.681246588,-0.393162908,30.51506024,1.987767584,116.3333333,9.36117E+11,3574,Asia,0.699164345,0.164345404,0.136490251
0.190134522,0.156769854,368.9861755,Indonesia,275501339,365.5252539,0.201727656,358.5698596,382.8634129,2022,IDN,2.387804878,536.8897059,0.500338821,16.90864864,0.417618462,-0.060400985,0.257907389,-0.616385222,-0.465000493,31.78078818,1.987767584,123.25,1.10173E+12,4071,Asia,0.57804878,0.231707317,0.190243902
0.841233266,0.743030772,509.0379798,Ireland,4273591,501.4717711,0.778233898,517.3132382,508.3289299,2006,IRL,2.393548387,545.6319018,0.974423611,13.30717791,0.098301282,-0.197019497,0.220646795,-0.282049206,0.113964,23.49079755,-0.084587402,1642.5,1.51512E+11,38230.5,Europe,0.425806452,0.541935484,0.032258065
0.752335079,0.741419742,496.9198792,Ireland,4535375,487.1363751,0.717442012,495.6391086,507.9841538,2009,IRL,1.625,569.9586777,0.9772,13.50328302,0.573474138,-0.278061905,0.220646795,-0.282049206,0.113964,24.70658683,-0.084587402,2930.333333,2.59236E+11,59546.33333,Europe,0.4453125,0.484375,0.0703125
0.865268412,0.80692989,515.5582102,Ireland,4599533,501.4974602,0.778342838,523.1732101,522.0039603,2012,IRL,2.414772727,596.9344262,0.995496689,14.04804605,0.679530488,-0.123424551,0.220646795,-0.09895988,0.088981169,24.70658683,1.56626506,3235,2.36443E+11,52545,Europe,0.4375,0.539772727,0.022727273
0.835887827,0.722081286,503.8345972,Ireland,5127170,491.6482796,0.736575573,516.0099751,503.845537,2022,IRL,2.445859873,687.1455696,0.906754745,12.30920066,0.897382237,0.125813548,-0.638997419,-0.371438312,0.003798052,24.42857143,1.561290323,2853.666667,4.42898E+11,89865.66667,Europe,0.47133758,0.503184713,0.025477707
0.706422657,0.661094503,493.5946249,Iceland,303782,505.5448283,0.795506447,484.445272,490.7937745,2006,ISL,2.968503937,290.488189,0.849362903,9.450259843,0.173704,0.26836063,-0.392071429,0.318523009,0.444080531,19.16,-0.207268142,2794.666667,11447750144,39462.66667,Europe,0.976377953,0.015748031,0.007874016
0.771383683,0.683545469,500.8503272,Iceland,318499,506.6691637,0.800274399,500.2833193,495.5984986,2009,ISL,1.01754386,278.9818182,0.808,8.853798077,0.954386792,-0.030425439,-0.392071429,0.318523009,0.444080531,19.25954199,-0.207268142,4319,19064149045,61251,Europe,0.98245614,0.01754386,0
0.698536007,0.602035602,484.4909116,Iceland,320716,492.7956975,0.74144141,482.52244,478.1545974,2012,ISL,2.984848485,272.4206349,0.949612069,9.092017857,1.008584,0.298146512,-0.392071429,0.575903101,0.259316522,19.25954199,1.751937984,3068,14042399688,44042.66667,Europe,0.984848485,0.015151515,0
0.694447145,0.57902491,480.9296039,Iceland,330815,488.0331844,0.721245096,481.525541,473.2300862,2015,ISL,2.983050847,297.7833333,0.846871186,9.121554701,1.850151163,-0.243425424,-0.392071429,-0.58600678,-0.15009322,18,1.74789916,3786.333333,16248076942,50084.33333,Europe,0.983050847,0.016949153,0
0.663475192,0.587407802,481.3952665,Iceland,352721,495.1873762,0.751583764,473.9743169,475.0241063,2018,ISL,2.984496124,304.5826772,0.783512821,9.0222864,1.485923913,-0.269105426,-0.315493798,-0.273941406,0.094367969,16.57692308,1.914728682,4669,21012887909,62271.66667,Europe,0.984496124,0.015503876,0
0.507404631,0.456306298,447.2680411,Iceland,382003,458.9140144,0.597759894,435.9229946,446.9671142,2022,ISL,2.968503937,295.2764228,0.69321028,9.196547273,0.941715663,-0.156910833,-0.4936825,-0.392679167,-0.001605833,17.50413223,1.914728682,5317.75,24592504602,67865.5,Europe,0.968503937,0.031496063,0
0.518681025,0.48871882,444.8115702,Israel,7053700,441.8587278,0.52543381,438.6722748,453.9037081,2006,ISR,2.65942029,785.8206897,0.754470588,12.68729008,0.096644928,-0.258222222,0.425686391,0.065383041,-0.199904094,32.09090909,0.111745238,1263.666667,1.35682E+11,21149.83333,Asia,0.731884058,0.195652174,0.072463768
0.663539315,0.493145046,458.5682259,Israel,7485600,446.8637639,0.546658587,473.9899506,454.8509632,2009,ISR,1.18902439,791.7962963,0.742132653,12.42370629,0.368154839,0.18659883,0.425686391,0.065383041,-0.199904094,30.13017752,0.111745238,1468.666667,1.87751E+11,26957.33333,Asia,0.853658537,0.103658537,0.042682927
0.71199236,0.564271263,474.1191019,Israel,7910500,466.4814304,0.629850915,485.8032126,470.0726628,2012,ISR,3,734.5117647,0.749528169,10.91792254,0.3893625,0.64712037,0.425686391,-0.1624,-0.35662625,30.13017752,1.640718563,1767,2.39042E+11,32577,Asia,1,0,0
0.683927008,0.547824107,471.7276363,Israel,8380100,469.6694541,0.643370316,478.9606427,466.5528122,2015,ISR,3,743.0125786,0.737311719,11.38130464,0.430439869,0.276663529,0.425686391,0.031609942,0.181912281,29.62721894,1.580838323,2146.666667,2.91448E+11,37684,Asia,1,0,0
0.648877097,0.52746905,465.2154532,Israel,8882800,463.0345488,0.615233778,470.415178,462.1966328,2018,ISR,3,705.5925926,0.616273856,11.25179295,0.432220645,0.318147059,0.313873099,0.319932143,0.503625,29.15151515,1.745454545,2359,3.27921E+11,40160.66667,Asia,1,0,0
0.662894332,0.539408662,465.4937301,Israel,9557500,457.8966666,0.593445643,473.8326984,464.7518253,2022,ISR,3,772.7127072,0.817020455,10.88792157,0.491933333,0.508043716,0.21381694,0.132956831,0.041960109,29.95652174,1.745454545,3051.5,4.20239E+11,48345.25,Asia,1,0,0
0.641116623,0.589151247,468.53635,Italy,58143979,461.6887208,0.609526547,468.5231087,475.3972205,2006,ITA,2.902813299,611.2644737,0.845552511,8.466685106,0.17459787,0.11040856,0.277318462,-0.02990167,-0.285452549,23.36649215,0.083269474,1129.666667,1.47231E+12,25600.33333,Europe,0.925831202,0.051150895,0.023017903
0.713009085,0.65192477,485.9303139,Italy,59095365,482.9084804,0.699512845,486.0510988,488.8313627,2009,ITA,1.099811676,615.564486,0.861240803,8.833052632,0.549148223,0.157461142,0.277318462,-0.02990167,-0.285452549,24.48331831,0.083269474,1613.666667,2.19044E+12,37229.33333,Europe,0.929378531,0.041431262,0.029190207
0.728198487,0.673933681,489.5390225,Italy,59539717,485.3211812,0.709744348,489.7544033,493.5414829,2012,ITA,2.913669065,612.2611872,0.832987391,9.583997126,0.566236967,0.232681984,0.277318462,0.022537619,-0.222369333,24.48331831,1.355131698,1597.666667,2.21034E+12,36958.33333,Europe,0.943345324,0.026978417,0.029676259
0.70770532,0.613213437,485.0111631,Italy,60730582,489.7287308,0.728435373,484.7579961,480.5467624,2015,ITA,2.870481928,733.310241,0.806195706,10.0237858,0.65537709,0.245061231,0.277318462,0.027560802,0.353459259,22.20353982,1.282674772,1444.666667,2.1303E+12,35342.66667,Europe,0.903614458,0.063253012,0.03313253
0.672951329,0.554641159,476.9620879,Italy,60421760,486.5898573,0.715124402,476.2846793,468.0117273,2018,ITA,2.882242991,761.4769539,0.74158114,8.639669231,0.65464538,0.456176864,0.266597697,0.056366922,0.331356788,21.47115385,1.629770992,1251.666667,1.89184E+12,31469.66667,Europe,0.908411215,0.065420561,0.026168224
0.694745481,0.598805694,476.7737062,Italy,58940425,471.2594753,0.650113094,481.5982777,477.4633657,2022,ITA,2.82111437,656.8240741,0.648594463,7.560939432,0.893669968,0.43146192,-0.337973148,-0.176667385,0.191349538,21.91437309,1.629770992,1436.25,2.03889E+12,34219,Europe,0.859237537,0.102639296,0.038123167
0.359087029,0.373529483,416.0258813,Jordan,10459865,419.0636608,0.42876713,399.7619093,429.2520738,2018,JOR,2.634615385,669.1408451,0.676224746,19.59412964,0.396554651,0.730797049,0.638589068,0.349130868,0.460382958,32.35643564,1.342192691,134.5,40750493521,4038,Asia,0.817307692,0,0.182692308
0.201037214,0.117816824,359.3069811,Jordan,11285869,342.1658281,0.102667709,361.2280283,374.527087,2022,JOR,2.661538462,762.7209302,0.687062308,18.76852558,0.343797571,0.877398077,0.598816923,0.397459615,0.264384615,32.61538462,1.342192691,127,44723259249,4153,Asia,0.830769231,0,0.169230769
0.761842379,0.850780936,517.4826977,Japan,127854000,523.1025152,0.869963052,497.9570687,531.3885091,2006,JPN,2.467032967,731.4486486,0.977005464,12.60092935,0.199224044,-0.468135135,0.718242929,0.586024731,-0.203449462,35.5945946,-0.014666667,1253,4.83147E+12,37805,Asia,0.730769231,0.005494505,0.263736264
0.851669673,0.888360937,529.4272695,Japan,128047000,528.9930929,0.894943132,519.8577224,539.4309934,2009,JPN,1.516304348,731.311828,0.979172043,12.11401075,0.468060773,-0.532827957,0.718242929,0.586024731,-0.203449462,35.80104712,-0.014666667,1219,4.7627E+12,37209.33333,Asia,0.733695652,0.016304348,0.25
0.926292854,0.92249307,540.3980013,Japan,127629000,536.4069186,0.926382825,538.0514848,546.7356006,2012,JPN,2.445026178,722.8900524,0.999366492,11.32476963,0.619068063,-0.286811518,0.718242929,0.291839267,-0.301019372,35.80104712,2.209424084,1645,5.76057E+12,44978.66667,Asia,0.722513089,0,0.277486911
0.835676616,0.883518903,528.9310344,Japan,127141000,532.4398722,0.909559834,515.9584799,538.3947511,2015,JPN,2.419191919,736.989899,0.970212121,11.33078081,0.539890909,0.490010101,0.718242929,-0.532790909,0.327572727,35.82828283,2.368686869,1460.666667,5.46056E+12,42766,Asia,0.691919192,0.035353535,0.272727273
0.786037488,0.840253022,519.9882415,Japan,126811000,526.9732502,0.886377617,503.856041,529.1354334,2018,JPN,2.426229508,737.6721311,0.958027869,11.94998251,0.587724725,0.941350273,0.742561202,-0.258922404,0.507284153,35.02185792,2.262295082,1205.333333,4.79315E+12,37753.33333,Asia,0.693989071,0.038251366,0.267759563
0.8352506,0.92202044,532.6894576,Japan,125124989,535.5793059,0.922873181,515.8546135,546.6344532,2022,JPN,2.445054945,722.0274725,0.96133,11.27151833,0.828448619,0.941350273,0.613878453,-0.602132418,0.454161326,35.03296703,2.262295082,1311.5,5.06227E+12,40345,Asia,0.714285714,0.016483516,0.269230769
0.647464421,0.647837738,481.4829296,Lithuania,3269909,486.4213348,0.714409751,470.0707557,487.9566983,2006,LTU,2.994923858,695.786802,0.930022727,11.59818478,0.059482234,0.0674,0.258596774,0.191042051,0.614665641,23.12820513,0.399544792,286.4,18800815112,5450.6,Europe,0.994923858,0.005076142,0
0.640786961,0.663972954,478.8182761,Lithuania,3162916,476.6023031,0.672770339,468.4427345,491.4097908,2009,LTU,1.005154639,558.6051282,0.950137143,10.43038462,0.542728723,-0.349592784,0.258596774,0.191042051,0.614665641,22.46511628,0.399544792,570.6666667,39226339348,12012.66667,Europe,0.994845361,0.005154639,0
0.677142868,0.684020163,483.9433257,Lithuania,2987773,478.8232775,0.68218879,477.3066119,495.7000877,2012,LTU,2.981481481,488.42723,0.952180412,10.872575,0.920359813,-0.625756944,0.258596774,0.271786977,0.550857674,22.46511628,2.227906977,667.3333333,39350622519,12542.33333,Europe,0.986111111,0.009259259,0.00462963
0.657044879,0.589206039,475.3996268,Lithuania,2904910,478.3833818,0.680323332,472.4065522,475.4089465,2015,LTU,2.980707395,419.8810289,0.98756881,9.375230547,0.982300803,-0.493938065,0.258596774,-0.311133226,-0.750757097,21.29581994,2.106796117,700.3333333,45994844652,15193.66667,Europe,0.98392283,0.012861736,0.003215434
0.671264761,0.620317089,479.7105603,Lithuania,2801543,481.1911884,0.692230352,475.8734797,482.0670127,2018,LTU,2.950276243,413.5359116,0.977948895,9.443122928,1.11730198,-0.46289169,0.074512188,-0.173235083,-0.444637845,21.32872928,2.157458564,602,44080526526,15032.66667,Europe,0.961325967,0.027624309,0.011049724
0.654697454,0.631514682,477.1481328,Lithuania,2831639,475.1467622,0.66659785,471.8342301,484.463406,2022,LTU,2.938356164,446.9160839,0.913054444,10.71915018,1.063999571,-0.316215625,-0.290746181,-0.521352941,-0.659399654,21.87152778,2.157458564,885.25,58080954959,20523.75,Europe,0.955479452,0.02739726,0.017123288
0.686105738,0.655253664,485.0672324,Latvia,2218357,486.1660835,0.713327311,479.4918354,489.5437782,2006,LVA,3,575.7314286,0.845246988,11.48788571,0.064731429,0.040659429,-0.214691393,0.037554891,0.258704348,30.99418605,0.760657143,261.3333333,11514903117,5017.333333,Europe,1,0,0
0.704432871,0.675510437,486.5976305,Latvia,2141669,481.9538221,0.695464441,483.9601454,493.8789239,2009,LVA,1.02173913,438.5217391,0.772101911,9.434734807,0.668488636,-0.424913043,-0.214691393,0.037554891,0.258704348,20.23809524,0.760657143,671.3333333,29492900569,13577,Europe,0.983695652,0.010869565,0.005434783
0.723850855,0.714327697,493.8172099,Latvia,2034319,490.5710218,0.732007264,488.6944141,502.1861936,2012,LVA,2.965,427.4230769,0.78939011,9.616485149,1.089049505,-0.418526214,-0.214691393,-0.194144019,0.154491388,20.23809524,2.248803828,643.6666667,25947150911,12349.33333,Europe,0.98,0.005,0.015
0.720010482,0.658436885,486.7627295,Latvia,1977527,482.3050717,0.69695398,487.7580985,490.2250184,2015,LVA,2.955465587,436.9411765,0.652465678,9.587418026,0.939390395,-0.182817213,-0.214691393,0.08042915,-0.481054251,19.97154472,2.296296296,922.3333333,29920527539,14730.66667,Europe,0.971659919,0.012145749,0.016194332
0.682852523,0.644538308,487.358531,Latvia,1927174,496.1263306,0.755565573,478.6986742,487.2505882,2018,LVA,2.96345515,442.2389079,0.652465678,10.16960825,1.017756098,-0.122519128,-0.157537793,0.163398333,-0.360732,20.51677852,2.225589226,689,28610164692,14504,Europe,0.976744186,0.009966777,0.013289037
0.665912901,0.675341487,483.8569577,Latvia,1879383,483.1594551,0.70057715,474.5686509,493.8427671,2022,LVA,2.966183575,539.7857143,0.652465678,10.07518534,0.903678481,0.332593846,0.281241327,0.20362449,-0.273721429,20.5388601,2.225589226,900.25,35622151871,18705.5,Europe,0.980676329,0.004830918,0.014492754
0.403115631,0.281944274,408.6010154,Mexico,106886790,405.6546398,0.371903707,410.4964548,409.6519516,2006,MEX,2.818686401,879.6954128,0.422267361,28.92330481,0.076751887,0.506105381,0.498582051,0.313080274,-0.341914118,40.39089184,-0.111144664,362.5,8.08562E+11,7947.333333,North America,0.909343201,0,0.090656799
0.463691236,0.311179962,419.8943554,Mexico,111049428,418.5090946,0.42641539,425.2652993,415.9086722,2009,MEX,1.244239631,729.9686039,0.365428571,31.27202097,0.335590325,0.451599212,0.498582051,0.313080274,-0.341914118,36.59266943,-0.111144664,478.6666667,1.09472E+12,10104.33333,North America,0.876892693,0.001974984,0.121132324
0.456671227,0.306560899,417.2517921,Mexico,115755909,413.2814666,0.404246671,423.5537619,414.9201479,2012,MEX,2.778490028,659.5765199,0.294380665,28.55499597,0.332352513,0.486767879,0.498582051,0.137467718,-0.107789712,36.59266943,1.739368999,499.3333333,1.09263E+12,9695.333333,North America,0.888888889,0.000712251,0.11039886
0.45553393,0.310251082,415.6699466,Mexico,120149897,408.0234776,0.3819492,423.2764792,415.7098829,2015,MEX,2.758490566,826.8961538,0.370237247,27.03660117,0.331290868,0.080093407,0.498582051,0.164665091,0.052355839,36.56617647,1.485294118,562.6666667,1.31568E+12,11216.66667,North America,0.879245283,0,0.120754717
0.444018386,0.326581354,416.1583617,Mexico,124013861,408.8014734,0.385248435,420.4688923,419.2047193,2018,MEX,2.712280702,935.3415493,0.457661654,31.71803604,0.280014074,-0.003444326,0.516389046,0.128477544,0.024965263,39.25886525,1.774647887,471.6666667,1.17208E+12,9648,North America,0.856140351,0,0.143859649
0.423059596,0.283040704,406.7584931,Mexico,127504125,395.0299191,0.326847623,415.358962,409.8865982,2022,MEX,2.707142857,862.3623188,0.410981301,28.8171502,0.266950996,0.123792857,0.466051613,0.391018638,-0.189848029,35.47311828,1.774647887,421,1.18857E+12,9513,North America,0.853571429,0,0.146428571
0.242395093,0.297797397,378.699217,North Macedonia,2040228,351.7415486,0.143275315,371.3114287,413.0446737,2006,MKD,2.929292929,730.3939394,0.758351136,11.97456854,0.828889024,-0.910594059,-0.115283333,-0.35400198,-0.762469307,24.99029126,1.878787879,64,4018365747,1946,Europe,0.95959596,0.01010101,0.03030303
0.79789487,0.820282304,520.7541746,Netherlands,16346101,530.6540464,0.901986711,506.746971,524.8615063,2006,NLD,2.333333333,1054.815642,0.889572289,16.03076301,0.143895954,0.099045652,-0.202531092,-0.130578571,-0.676298352,24.39344262,-0.288596133,1652.5,5.41121E+11,33589.66667,Europe,0.333333333,0.666666667,0
0.804690172,0.80793063,518.8191799,Netherlands,16530388,525.8356884,0.881553576,508.4037229,522.2181283,2009,NLD,1.601156069,998.2316384,0.842347518,16.03679878,0.578127907,0.518274725,-0.202531092,-0.130578571,-0.676298352,24.79245283,-0.288596133,2568.666667,8.44795E+11,51517.66667,Europe,0.398843931,0.601156069,0
0.816282233,0.807172227,518.7525155,Netherlands,16754962,522.9717582,0.869408553,511.2299654,522.0558228,2012,NLD,2.339869281,1015.318471,0.826627907,16.49037063,0.710046053,0.6046075,-0.202531092,-0.404049689,-0.854718634,24.79245283,1.816455696,2874.333333,8.74723E+11,52633.66667,Europe,0.339869281,0.660130719,0
0.782358412,0.744179674,507.9288824,Netherlands,16939923,512.2527898,0.823952794,502.9590512,508.5748061,2015,NLD,2.422018349,1033.422414,0.811131765,19.84286374,0.656309009,0.0183775,-0.202531092,0.41480297,0.893374257,25.578125,1.68852459,2817,8.69421E+11,51535.66667,Europe,0.431192661,0.559633028,0.009174312
0.70781085,0.719923826,502.4661756,Netherlands,17231624,519.2309824,0.853545104,484.7837251,503.3838194,2018,NLD,2.346938776,1051.863014,0.854044444,17.11849781,0.89478042,0.012242177,-0.442234694,0.412329932,0.891034694,24.59863946,1.787671233,2473.333333,7.94501E+11,46390.33333,Europe,0.360544218,0.62585034,0.013605442
0.603053133,0.649520549,480.078461,Netherlands,17700982,492.675639,0.74093228,459.242908,488.3168361,2022,NLD,2.522875817,953.5,0.82205,16.20981765,0.889853846,0.421194915,-0.571799153,0.611875424,0.811644915,24.69491525,1.787671233,2834.75,9.40927E+11,54078.75,Europe,0.549019608,0.424836601,0.026143791
0.705796309,0.641161682,486.8889579,Norway,4660677,489.8463532,0.728934173,484.292563,486.5279575,2006,NOR,2.974358974,307.0717949,0.885841808,10.51086316,0.222152632,0.389092821,-0.015452381,-0.047606316,-0.220982632,25.43523316,-0.600298421,3468.5,2.24374E+11,49166,Europe,0.974358974,0.025641026,0
0.783469815,0.703531485,500.3538044,Norway,4828726,497.955693,0.763323321,503.2300204,499.8756998,2009,NOR,1.021052632,331.1878453,0.90091716,10.34359887,0.737728723,0.319089474,-0.015452381,-0.047606316,-0.220982632,24.42473118,-0.600298421,5462.666667,4.04825E+11,85805.66667,Europe,0.978947368,0.021052632,0
0.78636826,0.678524373,495.9445639,Norway,5018573,489.3730704,0.72692713,503.9366858,494.5239355,2012,NOR,2.978494624,327.5824176,0.890311111,10.29870622,0.815868852,0.327455249,-0.015452381,-0.109716757,-0.436398844,24.42473118,0.673913043,6030,4.4013E+11,89902,Europe,0.978494624,0.021505376,0
0.824326283,0.697015001,504.4673656,Norway,5188607,501.7298149,0.779328181,513.1911728,498.4811091,2015,NOR,2.978609626,335.9736842,0.8438,10.06472222,0.869243017,-0.114965608,-0.015452381,-0.146374725,0.538989011,23.51020408,0.64516129,7551,5.13509E+11,101117.6667,Europe,0.978609626,0.021390374,0
0.767969679,0.659315962,496.9426314,Norway,5311916,500.9637885,0.776079704,499.4509563,490.4131494,2018,NOR,2.978609626,335.9736842,0.8438,10.06472222,1.009487336,-0.349524691,-0.055417695,0.295755556,0.368772428,23.12345679,0.679166667,5751.666667,3.86954E+11,73916.66667,Europe,0.978609626,0.021390374,0
0.673932422,0.602371416,474.4000976,Norway,5457127,468.4499499,0.638198784,476.523878,478.2264648,2022,NOR,2.978609626,335.9736842,0.8438,10.06472222,1.009487336,0.16438,0.060598333,0.303301255,0.071123849,23.12345679,0.679166667,5660.25,4.29883E+11,80177.75,Europe,0.978609626,0.021390374,0
0.820206739,0.777175906,509.1910052,New Zealand,4408100,499.7499029,0.770931999,512.1867933,515.6363193,2012,NZL,2.87012987,943.5987261,0.954190476,14.49974497,1.199165563,0.097683117,-0.07677234,-0.201466879,-0.152923567,24.65584416,2.567741935,2195.333333,1.45395E+11,33443.66667,Oceania,0.935064935,0,0.064935065
0.8082462,0.766275431,505.9324938,New Zealand,4609400,495.2232564,0.751735921,509.2707126,513.3035122,2015,NZL,2.846153846,943.5987261,0.908526563,13.89260143,1.196617518,-0.335378014,-0.07677234,0.129097794,0.238113235,24.38513514,2.410958904,2614.666667,1.89486E+11,42483.33333,Oceania,0.923076923,0,0.076923077
0.79371254,0.743786773,502.9025603,New Zealand,4900600,494.489676,0.748625038,505.7272834,508.4907214,2018,NZL,2.864583333,943.5987261,0.837335057,13.83332402,1.376015,-0.044924324,-0.256435135,0.309751087,0.279440761,23.96153846,2.593406593,2247.333333,1.9119E+11,40928.66667,Oceania,0.932291667,0,0.067708333
0.773720319,0.723407244,494.685503,New Zealand,5124100,479.0741934,0.683252845,500.8530109,504.1293048,2022,NZL,2.869822485,943.5987261,0.828290991,13.86560333,1.1405224,0.184708197,-0.414731405,0.383649593,0.243577869,24.03305785,2.593406593,2402.5,2.22759E+11,44544,Oceania,0.934911243,0,0.065088757
0.801555762,0.693862776,500.2915088,Poland,38141267,495.4284969,0.752606281,507.6395273,497.8065023,2006,POL,2.882352941,417.2837209,0.964597222,11.01151174,0.093728972,-0.845620737,-0.335850909,0.159979459,0.510052432,26.15668203,0.392695676,308,2.23546E+11,5791.333333,Europe,0.914027149,0.054298643,0.031674208
0.772184161,0.741812917,501.116566,Poland,38151603,494.8029183,0.7499534,500.4784826,508.0682972,2009,POL,1.168478261,320.5617978,0.980016304,10.42030509,0.331331522,-0.790163784,-0.335850909,0.159979459,0.510052432,23.86592179,0.392695676,568.6666667,4.35749E+11,11309.66667,Europe,0.902173913,0.027173913,0.070652174
0.844816581,0.824744441,520.5014747,Poland,38063164,517.5010967,0.846209206,518.1868807,525.8164468,2012,POL,2.813186813,302.2732558,0.988930233,8.960680723,0.408552941,-1.021418232,-0.335850909,0.157435714,0.545145055,23.86592179,2.43258427,619.3333333,4.79934E+11,12435.66667,Europe,0.868131868,0.076923077,0.054945055
0.793588619,0.710819155,503.8672179,Poland,37986412,504.4692514,0.790945265,505.6970704,501.4353318,2015,POL,2.946107784,279.1090909,0.957689474,8.661309259,0.483092994,-1.093525904,-0.335850909,-0.079152381,-0.604995238,24.13496933,2.262195122,662.6666667,5.16691E+11,13384,Europe,0.958083832,0.02994012,0.011976048
0.818848715,0.755678013,512.8463773,Poland,37974750,515.6478747,0.838350276,511.8556954,511.0355619,2018,POL,2.929166667,343.9,0.84081,7.983527917,0.564357447,-0.990860417,-0.161052917,-0.166469167,-0.393266667,23.83333333,2.0625,595.6666667,4.90592E+11,12729.33333,Europe,0.945833333,0.0375,0.016666667
0.723929667,0.700207627,492.2793482,Poland,36821749,488.9600536,0.725175656,488.713629,499.164362,2022,POL,2.8875,504.8541667,0.878243644,10.09704407,0.737359052,-0.532271548,-0.397426778,-0.109512971,-0.463033473,27.79079498,2.0625,765,6.16407E+11,16038.5,Europe,0.920833333,0.045833333,0.033333333
0.656625504,0.584051799,470.9237266,Portugal,10522288,466.1609857,0.62849201,472.304305,474.3058892,2006,PRT,2.85380117,914.4883721,0.900318182,8.812601227,0.071169591,-0.850263584,0.181412705,-0.024878673,0.125866825,23.53254438,0.208009434,765.8333333,1.54478E+11,14785.83333,Europe,0.894736842,0.064327485,0.040935673
0.726477958,0.671169715,489.724399,Portugal,10568247,486.8883059,0.716390028,489.3349238,492.9499673,2009,PRT,1.183098592,839.3411215,0.920312796,8.127199052,0.57310628,-0.766197156,0.181412705,-0.024878673,0.125866825,23.77540107,0.208009434,1087,2.37556E+11,22485.33333,Europe,0.868544601,0.079812207,0.051643192
0.720008795,0.6539965,488.0318671,Portugal,10514844,487.0631811,0.717131619,487.7576873,489.274733,2012,PRT,2.869791667,877.1117318,0.949133721,8.730134503,0.508866667,-0.794051596,0.181412705,-0.116353723,0.129416667,23.77540107,1.374331551,1230.333333,2.42633E+11,22930,Europe,0.90625,0.057291667,0.036458333
0.762547182,0.709252546,496.9519786,Portugal,10358076,491.6269679,0.736485197,498.1289056,501.1000622,2015,PRT,2.87394958,1400.762115,0.877784862,10.41928063,0.547819394,0.794401639,0.181412705,0.257106996,0.142041564,24.00529101,1.213903743,1096.666667,2.24187E+11,21425.33333,Europe,0.920168067,0.033613445,0.046218487
0.736591886,0.665223074,491.9885066,Portugal,10283822,492.4874062,0.740134044,491.8007851,491.6773285,2018,PRT,2.802197802,1291.840637,0.831139167,9.843762963,0.459949174,0.864398535,0.548330769,0.447011679,0.523930292,24.56826568,1.344569288,990,2.09059E+11,20229.66667,Europe,0.860805861,0.080586081,0.058608059
0.67419793,0.631094411,477.6241991,Portugal,10409704,471.9105221,0.652873978,476.5886112,484.373464,2022,PRT,2.732142857,1512.004464,0.790940807,10.52498206,0.70126682,0.814825,0.250683482,0.156724215,0.276691928,24.16071429,1.344569288,1102.75,2.41717E+11,23486.25,Europe,0.834821429,0.0625,0.102678571
0,0,326.4940844,Qatar,1015060,317.9556523,0,312.2134558,349.3131452,2006,QAT,2.612612613,497.5384615,0.394396226,10.54891667,0.11702,0.432702419,-0.449630723,0.394314474,0.244793421,27.875,0.871556954,1242,25743406593,34196.83333,Asia,0.801801802,0.009009009,0.189189189
0.244054601,0.140805792,373.0918225,Qatar,1610274,368.1124878,0.212699298,371.7160309,379.4469489,2009,QAT,1.552845528,832.2066667,0.445956522,11.16853677,0.612412214,-0.254724,-0.449630723,0.394314474,0.244793421,26.92156863,0.871556954,3374,1.1527E+11,79811,Asia,0.715447154,0.016260163,0.268292683
0.308810762,0.160410528,382.5316935,Qatar,1905660,376.4483978,0.24804926,387.5041303,383.6425524,2012,QAT,2.152866242,811.7718121,0.758930769,12.1020511,0.9255,-0.054297452,-0.449630723,0.664101282,0.408462179,26.92156863,1.735483871,3039.666667,1.30232E+11,75582.66667,Asia,0.573248408,0.006369427,0.420382166
0.367804617,0.319135012,407.2996987,Qatar,2414573,402.400635,0.358104501,401.887331,417.6111299,2015,QAT,2.277419355,927.0787879,0.83536242,10.26200245,0.86612125,-0.724625904,-0.449630723,-0.868564242,-0.650095758,27.12650602,1.692771084,3591.333333,1.97262E+11,96265.66667,Asia,0.625806452,0.025806452,0.348387097
0.389151134,0.32621892,413.482555,Qatar,2766732,414.2287179,0.408263664,407.0917923,419.1271549,2018,QAT,2.154255319,923.3189189,0.884541176,10.22661514,0.988078022,-0.585909043,-1.011301064,-1.012054545,-0.569482888,30.43315508,1.770053476,1763,1.61099E+11,59408,Asia,0.569148936,0.015957447,0.414893617
0.439241584,0.388250503,421.9376681,Qatar,2695122,414.1062219,0.407744198,419.3042676,432.4025148,2022,QAT,2,935.3114035,0.89318952,11.46517544,0.770023767,-0.478971616,-0.885923144,-1.2672869,-0.833022271,28.06550218,1.770053476,1727,1.60391E+11,57571.5,Asia,0.489082969,0.021834061,0.489082969
0.343377269,0.322757477,409.7046867,Romania,21193760,414.7959505,0.410669119,395.931737,418.3863726,2006,ROU,3,891.1091954,0.960432749,16.38918605,0.063560694,-0.550712069,-0.014657692,0.198644654,0.226642767,25.81609195,0.954795597,93.33333333,59158129985,2760.166667,Europe,1,0,0
0.460381381,0.368514809,426.5721298,Romania,20367487,427.0791758,0.462758398,424.4583287,428.1788849,2009,ROU,1.012578616,886.1572327,0.970046667,16.89150658,0.421403846,-0.738413836,-0.014657692,0.198644654,0.226642767,28.73863636,0.954795597,342,1.7031E+11,8219,Europe,0.993710692,0,0.006289308
0.514280904,0.417994681,440.3072626,Romania,20058035,444.5542426,0.536864637,437.5994882,438.768057,2012,ROU,2.988764045,874.3089888,0.99179096,16.12703955,0.541035088,-0.517106742,-0.014657692,0.587523596,0.56437191,28.73863636,1.707865169,301.3333333,1.78915E+11,8798,Europe,0.994382022,0,0.005617978
0.49794476,0.399849731,437.4852584,Romania,19815616,443.9543153,0.534320534,433.616598,434.8848618,2015,ROU,2.978021978,763.6298343,0.954826374,15.43486961,0.574356897,-0.459901648,-0.014657692,-0.07978453,-0.785147802,26.07692308,1.967032967,284.3333333,1.89545E+11,9447.333333,Europe,0.989010989,0,0.010989011
0.473690259,0.357217854,427.7937334,Romania,19473970,429.916827,0.47479198,427.7031458,425.7612272,2018,ROU,2.982142857,834.2283951,0.951188,15.35170617,0.588862238,-0.40032426,0.37294497,0.274116568,-0.199569822,26.34319527,1.714285714,298,1.91106E+11,9654.333333,Europe,0.988095238,0.005952381,0.005952381
0.476942286,0.365394495,427.9223738,Romania,19047009,427.7599966,0.465645544,428.4960173,427.5111075,2022,ROU,2.988326848,708.4401544,0.880844094,15.00792636,0.7419828,-0.246151362,0.24023035,-0.044235659,-0.614773256,23.01930502,1.714285714,454,2.57877E+11,13245.75,Europe,0.992217899,0.003891051,0.003891051
0.523620935,0.423161889,440.0351753,Serbia,7320807,440.3549695,0.519056846,439.8766667,439.8738896,2009,SRB,1.032085561,700.568306,0.774723164,12.21426857,0.221413174,-0.601516043,0.296104865,-0.206951064,-0.169905851,27.74637681,0.164366474,261.5,47682606043,6161.5,Europe,0.983957219,0,0.016042781
0.523620935,0.423161889,440.0351753,Serbia,7199077,440.3549695,0.519056846,439.8766667,439.8738896,2012,SRB,2.971830986,723.6962963,0.909840336,11.46443411,0.26149635,-0.737784286,0.296104865,-0.482497163,0.022805674,27.74637681,1.992753623,250,45413499734,5934,Europe,0.985915493,0,0.014084507
0.523620935,0.423161889,440.0351753,Serbia,7095383,440.3549695,0.519056846,439.8766667,439.8738896,2015,SRB,2.971830986,723.6962963,0.909840336,11.46443411,0.26149635,-0.737784286,0.296104865,-0.482497163,0.022805674,27.74637681,1.992753623,220,43309252921,5705,Europe,0.985915493,0,0.014084507
0.558100419,0.423161889,442.5410958,Serbia,6982604,439.4663414,0.515288455,448.2830563,439.8738896,2018,SRB,2.946236559,696.4176471,0.625554396,12.255825,0.311442945,-0.755628649,0.296104865,0.305761622,-0.268495135,28.41899441,2.223463687,208.5,42435868718,5674.5,Europe,0.97311828,0,0.02688172
0.523620935,0.458612503,442.5641002,Serbia,6664449,440.3549695,0.519056846,439.8766667,447.4606645,2022,SRB,2.93442623,713.9668508,0.703996175,10.85501508,0.399098876,-0.534276503,0.296104865,-0.267296175,-0.141378689,26.49726776,2.223463687,260.3333333,55085316232,7473.333333,Europe,0.967213115,0,0.032786885
0.747289841,0.792031731,505.8935368,Slovenia,2006868,504.4559638,0.790888917,494.4090369,518.8156098,2006,SVN,2.983098592,306.1596639,0.899116147,11.40574788,0.246307246,-0.585446348,-0.30230915,-0.52602346,-0.004595894,24.32768362,0.746182698,822.6,28924418872,14512.6,Europe,0.985915493,0.011267606,0.002816901
0.70083126,0.759060622,498.7713015,Slovenia,2039669,501.4723893,0.77823652,483.0820422,511.7594731,2009,SVN,1.014705882,257.659824,0.939824047,20.02006158,0.437426036,-0.709411176,-0.30230915,-0.52602346,-0.004595894,23.18691589,0.746182698,1237.666667,47775957995,23596,Europe,0.985294118,0.014705882,0
0.693588859,0.770196019,498.8620873,Slovenia,2057159,501.1274225,0.776773625,481.3162835,514.142556,2012,SVN,2.984423676,307.588785,0.943721683,8.800078864,0.862886792,-0.673916614,-0.30230915,-0.500438994,-0.132153199,23.18691589,1.931034483,1352,50119948299,24376.33333,Europe,0.984423676,0.015576324,0
0.79161498,0.76421976,509.3330304,Slovenia,2063531,509.9196321,0.814058609,505.2158806,512.8635786,2015,SVN,2.983713355,336.9642857,0.962766558,8.809435179,0.832196167,-0.50765098,-0.30230915,0.429195724,-0.115079934,23.11437909,1.96039604,1267.666667,48330212296,23322,Europe,0.983713355,0.016286645,0
0.751131292,0.736851687,503.7499017,Slovenia,2073894,508.8975441,0.809724256,495.3456152,507.0065459,2018,SVN,2.984227129,306.3757962,0.886163844,7.391092357,0.960506452,-0.175404088,-0.057290881,0.028751735,0.224619874,23,2.063091483,1050.333333,45487776286,21763.33333,Europe,0.984227129,0.015772871,0
0.64116955,0.703948209,484.3433014,Slovenia,2111986,484.5290087,0.706384994,468.5360128,499.9648826,2022,SVN,2.981818182,360.8006042,0.874261934,9.029795441,0.800477244,0.01228,-0.265992121,-0.096871212,-0.072666061,24.03030303,2.063091483,1386.75,56032816285,26503.75,Europe,0.981818182,0.018181818,0
0.800215993,0.719691063,504.3344281,Sweden,9080505,502.3563982,0.781985322,507.3128802,503.3340059,2006,SWE,2.882653061,486.3854167,0.904211429,12.13295556,0.15831016,-0.335520305,-0.293396535,-0.074778723,0.025765957,23.23195876,-0.350908556,2345.5,3.13959E+11,35029.83333,Europe,0.882653061,0.117346939,0
0.75976023,0.6812437,495.5978321,Sweden,9298515,494.2381752,0.747558503,497.4494233,495.1058977,2009,SWE,1.158730159,437.3728814,0.902830065,11.91163871,0.469589286,-0.346295722,-0.293396535,-0.074778723,0.025765957,23.40669857,-0.350908556,3274.666667,4.77351E+11,52056.33333,Europe,0.841269841,0.158730159,0
0.70186881,0.633082651,482.131536,Sweden,9519374,478.2606359,0.679802805,483.3350057,484.7989666,2012,SWE,2.794258373,414.7894737,0.882934066,12.32684021,0.777241026,-0.041910577,-0.293396535,-0.195498558,-0.0585625,23.40669857,1.367149758,3492,5.02148E+11,53473.33333,Europe,0.794258373,0.205741627,0
0.770859859,0.67337704,495.8320283,Sweden,9799186,493.9181221,0.746201259,500.1556066,493.4223562,2015,SWE,2.801980198,387.7128205,0.855188953,11.21736771,0.932841758,0.326537129,-0.293396535,0.13244505,-0.022385644,23.0990099,1.285,4503,5.73763E+11,59446,Europe,0.801980198,0.198019802,0
0.793950173,0.701517512,502.5392042,Sweden,10175214,502.3877022,0.782118073,505.7852205,499.4446901,2018,SWE,2.801980198,429.5373134,0.777349735,11.57984564,1.033419251,0.379006881,-0.46083578,0.118008372,0.030890233,24.27314815,1.048076923,3945,5.20592E+11,52293,Europe,0.783783784,0.208494208,0.007722008
0.716799179,0.673970297,487.4301801,Sweden,10486941,481.7660654,0.694668224,486.9751558,493.5493191,2022,SWE,2.776061776,461.5829787,0.808506604,12.06387558,0.961800476,0.436219718,-0.642324413,0.085269484,0.127568075,24.27314815,1.048076923,4098.25,5.69026E+11,55132.25,Europe,0.783783784,0.208494208,0.007722008
0.39751148,0.336546355,415.3104137,Thailand,70294397,415.4637999,0.413501257,409.1301154,421.337326,2015,THA,2.884328358,1437.471483,0.923975285,18.11702093,0.512438211,0.205633208,0.246015589,-0.321786466,-0.632731579,33.24163569,2.38490566,229.5,4.13836E+11,5931.5,Asia,0.906716418,0.070895522,0.02238806
0.330895764,0.357461873,412.4191972,Thailand,71127802,418.5555015,0.426612187,392.8886405,425.8134495,2018,THA,2.84137931,1392.249123,0.88150931,17.50458702,0.533152222,0.085457586,0.380837931,-0.394567586,-0.558887586,32.44827586,2.520689655,221.6666667,4.23673E+11,6000,Asia,0.893103448,0.055172414,0.051724138
0.272548172,0.280132941,393.9575563,Thailand,71697030,393.9453558,0.322248332,378.6630044,409.2643087,2022,THA,2.817204301,1349.756364,0.869769176,17.98912074,0.494428788,-0.107102867,0.187456272,-0.285834767,-0.784092832,31.58422939,2.520689655,222.75,5.14362E+11,7206.75,Asia,0.860215054,0.096774194,0.043010753
0.623361974,0.488746903,454.5184778,Turkey,72039206,445.4513401,0.540668944,464.1943753,453.9097181,2009,TUR,1.011764706,914.6823529,0.038152941,19.38257647,0.223452941,2.110331176,0.273452941,-1.655860588,-1.816701765,40.75949367,0.340371176,359,7.70449E+11,10803,Asia,0.994117647,0,0.005882353
0.669697902,0.533152331,462.2962637,Turkey,75175827,447.9844151,0.551410915,475.4914663,463.4129098,2012,TUR,3,831.2754491,0.90708805,18.24849068,0.157464516,0.896486982,0.273452941,-0.29543012,-0.246693373,43.75949367,1.694267516,405.6666667,7.55014E+11,10304.33333,Asia,1,0,0
0.47628224,0.3559482,424.759527,Turkey,78218479,420.4539795,0.434663033,428.3350926,425.4895089,2015,TUR,2.930107527,848.4354839,0.929080214,15.54062634,0.16263526,0.621362032,0.273452941,0.266458289,0.127685027,45.11538462,1.412087912,528.6666667,9.25763E+11,12075,Asia,0.962365591,0.005376344,0.032258065
0.629257136,0.555986382,462.479687,Turkey,81407204,453.5077774,0.57483375,465.6316657,468.299618,2018,TUR,2.747311828,655.655914,0.830787027,13.46052811,0.244426816,0.133254595,-0.518845405,-0.118804839,-0.152995161,41.26086957,1.934782609,472.6666667,8.64328E+11,10683.33333,Asia,0.870967742,0.005376344,0.123655914
0.590096784,0.591677215,461.7245367,Turkey,84979913,453.1517673,0.573324023,456.0840407,475.9378021,2022,TUR,2.779487179,696.025641,0.866163212,13.75646821,0.306860622,0.132212755,-0.548981122,-0.118804839,-0.352926531,29.40306122,1.934782609,357,7.70045E+11,9189,Asia,0.876923077,0.025641026,0.097435897
0.411401964,0.368304539,422.4832195,Uruguay,3322282,426.7990408,0.461570434,412.5167327,428.133885,2006,URY,2.663003663,409.5289855,0.600576087,15.42626449,0.058432234,0.22375618,0.250425455,0.462406061,-0.475086638,32.36567164,-0.580837931,126.8333333,16737229047,5063.333333,South America,0.831501832,0,0.168498168
0.465939146,0.364007372,426.5837938,Uruguay,3344156,426.7237727,0.461251246,425.8133589,427.2142498,2009,URY,1.329004329,783.9181034,0.573726744,15.84451833,0.266646512,0.143424348,0.250425455,0.462406061,-0.475086638,27.60227273,-0.580837931,170,19741420740,5942,South America,0.835497835,0,0.164502165
0.406612083,0.310872798,412.1611411,Uruguay,3371133,409.2915679,0.387326771,411.3489192,415.8429361,2012,URY,2.677777778,833.1910112,0.571804598,14.82441143,0.427243902,0.340178333,0.250425455,-0.009984358,-0.66214581,27.60227273,1.421348315,621,50342406067,14976,South America,0.838888889,0,0.161111111
0.510067118,0.402083716,429.9756569,Uruguay,3402818,417.9918829,0.424222059,436.5721315,435.3629563,2015,URY,2.663636364,774.6,0.592853182,13.25903318,0.3268375,0.328055455,0.250425455,0.039254545,0.539419091,26.15909091,1.294392523,771.5,61416904454,18136.5,South America,0.831818182,0,0.168181818
0.471288671,0.357458261,423.5306373,Uruguay,3427042,417.6616173,0.422821506,427.1176182,425.8126766,2018,URY,2.698412698,769.3776596,0.54608836,12.85976436,0.291449143,0.431744974,0.159410582,0.22083545,0.704945503,26.75661376,1.44973545,762.3333333,60055721353,17594.66667,South America,0.846560847,0.005291005,0.148148148
0.48458643,0.402185658,424.8188546,Uruguay,3422794,408.7120664,0.384869288,430.3597244,435.3847729,2022,URY,2.684684685,754.2972973,0.654904977,13.01502227,0.328196682,0.671499099,0.09485045,0.036306757,0.184613964,26.4009009,1.44973545,804,60499058020,17650.25,South America,0.842342342,0,0.157657658
0.766120045,0.652277439,487.419665,United States,298379912,474.3521577,0.663228183,499,488.9068373,2006,USA,2.833333333,1376.52349,0.943469388,15.45669565,0.234384615,0.000146296,-0.329877326,-0.198461212,-0.174178182,25.42236025,0.969132927,2711,1.30392E+13,43926,North America,0.913580247,0.00617284,0.080246914
0.769511319,0.713468254,496.4085354,United States,306771529,487.3965205,0.718545206,499.8268211,502.0022645,2009,USA,1.098765432,1383.916667,0.961909722,15.9405274,0.745019608,-0.430467683,-0.329877326,-0.198461212,-0.174178182,25.70700637,0.969132927,2978.666667,1.43532E+13,47405.33333,North America,0.950617284,0,0.049382716
0.760302848,0.692009169,492.1194389,United States,313877662,481.3667863,0.692975008,497.581718,497.4098124,2012,USA,2.84516129,1310.309677,0.943087838,16.77383553,0.981306122,-0.411415924,-0.329877326,-0.131805063,0.110803797,25.70700637,2.664556962,3209.666667,1.50423E+13,48330,North America,0.922580645,0,0.077419355
0.757650681,0.686554377,487.6020078,United States,320738994,469.6284918,0.643196608,496.9350973,496.2424342,2015,USA,2.88372093,1309.268293,0.919052817,16.08044967,1.128145455,-0.280512209,-0.329877326,0.316472941,0.066842941,25.51428571,2.603448276,3275,1.69143E+13,52954.66667,North America,0.941860465,0,0.058139535
0.792176445,0.715233442,495.3258399,United States,326838199,478.2447174,0.679735299,505.3527705,502.3800319,2018,USA,2.889570552,1426.3125,0.928108889,16.9869,1.440013971,-0.15567619,-0.429127891,0.508210884,0.258109524,25.60416667,2.798611111,2865.333333,1.8904E+13,57766,North America,0.938650307,0.012269939,0.049079755
0.7863719,0.701374406,489.4132268,United States,333287557,464.888043,0.623093862,503.9375735,499.4140639,2022,USA,2.953947368,1404.955882,0.901551969,16.51722521,1.862347967,-0.029183206,-0.671215267,0.217482443,0.109046565,25.80769231,2.798611111,3241.666667,2.1167E+13,63346,North America,0.973684211,0.006578947,0.019736842
